cmd_left,cmd_right
0.0,0.0
0.0,0.0
0.0,0.0
0.0,0.0
0.0,0.0
0.0,0.0
0.0,0.0
0.0,0.0
0.0,0.0
0.0,0.0
0.0,0.0
0.0,0.0
0.0,0.0
0.0,0.0
0.0,0.0
0.0,0.0
0.0,0.0
0.0,0.0
0.0,0.0
0.0,0.0
0.0,0.0
0.0,0.0
0.0,0.0
0.0,0.0
0.0,0.0
0.0,0.0
0.0,0.0
0.0,0.0
0.0,0.0
0.0,0.0
0.0,0.0
0.0,0.0
0.0,0.0
0.0,0.0
0.0,0.0
0.0,0.0
0.0,0.0
0.0,0.0
0.0,0.0
0.0,0.0
0.0,0.0
0.0,0.0
0.0,0.0
0.0,0.0
0.0,0.0
0.0,0.0
0.0,0.0
0.0,0.0
0.0,0.0
0.0,0.0
0.0,0.0
0.0,0.0
0.0,0.0
0.0,0.0
0.0,0.0
0.0,0.0
0.0,0.0
0.0,0.0
0.0,0.0
0.0,0.0
0.0,0.0
0.0,0.0
0.0,0.0
0.0,0.0
0.0,0.0
0.0,0.0
0.0,0.0
0.0,0.0
0.0,0.0
0.0,0.0
0.0,0.0
0.0,0.0
0.0,0.0
0.0,0.0
0.0,0.0
0.0,0.0
0.0,0.0
0.0,0.0
0.0,0.0
0.0,0.0
0.0,0.0
0.0,0.0
0.0,0.0
0.0,0.0
0.0,0.0
0.0,0.0
0.0,0.0
0.0,0.0
0.0,0.0
0.0,0.0
0.0,0.0
0.0,0.0
0.0,0.0
0.0,0.0
0.0,0.0
0.0,0.0
0.0,0.0
0.0,0.0
0.0,0.0
0.0,0.0
0.0,0.0
0.0,0.0
0.0,0.0
0.0,0.0
0.0,0.0
0.0,0.0
0.0,0.0
0.0,0.0
0.0,0.0
0.0,0.0
0.0,0.0
0.0,0.0
0.0,0.0
0.0,0.0
0.0,0.0
0.0,0.0
0.0,0.0
0.0,0.0
0.0,0.0
0.0,0.0
0.0,0.0
0.0,0.0
0.0,0.0
0.0,0.0
0.0,0.0
0.0,0.0
0.0,0.0
0.0,0.0
0.0,0.0
0.0,0.0
0.0,0.0
0.0,0.0
0.0,0.0
0.0,0.0
0.0,0.0
0.0,0.0
0.0,0.0
0.0,0.0
0.0,0.0
0.0,0.0
0.0,0.0
0.0,0.0
0.0,0.0
0.0,0.0
0.0,0.0
0.0,0.0
0.0,0.0
0.0,0.0
0.0,0.0
0.0,0.0
0.0,0.0
0.0,0.0
0.0117,0.0117
0.0175,0.0175
0.0233,0.0233
0.0292,0.0292
0.035,0.035
0.0408,0.0408
0.0467,0.0467
0.0525,0.0525
0.0583,0.0583
0.0642,0.0642
0.07,0.07
0.0758,0.0758
0.0817,0.0817
0.0875,0.0875
0.0933,0.0933
0.0992,0.0992
0.105,0.105
0.1108,0.1108
0.1167,0.1167
0.1225,0.1225
0.1283,0.1283
0.1342,0.1342
0.14,0.14
0.1458,0.1458
0.1517,0.1517
0.1575,0.1575
0.1633,0.1633
0.1692,0.1692
0.175,0.175
0.1808,0.1808
0.1867,0.1867
0.1925,0.1925
0.1983,0.1983
0.2042,0.2042
0.21,0.21
0.2158,0.2158
0.2217,0.2217
0.2275,0.2275
0.2333,0.2333
0.2392,0.2392
0.245,0.245
0.2508,0.2508
0.2567,0.2567
0.2625,0.2625
0.2683,0.2683
0.2742,0.2742
0.28,0.28
0.2858,0.2858
0.2917,0.2917
0.2975,0.2975
0.3033,0.3033
0.3092,0.3092
0.315,0.315
0.3208,0.3208
0.3267,0.3267
0.3325,0.3325
0.3383,0.3383
0.3442,0.3442
0.35,0.35
0.35,0.35
0.35,0.35
0.35,0.35
0.35,0.35
0.35,0.35
0.35,0.35
0.35,0.35
0.35,0.35
0.35,0.35
0.35,0.35
0.35,0.35
0.35,0.35
0.35,0.35
0.35,0.35
0.35,0.35
0.35,0.35
0.35,0.35
0.35,0.35
0.35,0.35
0.35,0.35
0.35,0.35
0.35,0.35
0.35,0.35
0.35,0.35
0.35,0.35
0.35,0.35
0.35,0.35
0.35,0.35
0.35,0.35
0.35,0.35
0.35,0.35
0.35,0.35
0.35,0.35
0.35,0.35
0.35,0.35
0.35,0.35
0.35,0.35
0.35,0.35
0.35,0.35
0.35,0.35
0.35,0.35
0.35,0.35
0.35,0.35
0.35,0.35
0.35,0.35
0.35,0.35
0.35,0.35
0.35,0.35
0.35,0.35
0.35,0.35
0.35,0.35
0.35,0.35
0.35,0.35
0.35,0.35
0.35,0.35
0.35,0.35
0.35,0.35
0.35,0.35
0.35,0.35
0.35,0.35
0.35,0.35
0.35,0.35
0.35,0.35
0.35,0.35
0.35,0.35
0.35,0.35
0.35,0.35
0.35,0.35
0.35,0.35
0.35,0.35
0.35,0.35
0.35,0.35
0.35,0.35
0.35,0.35
0.35,0.35
0.35,0.35
0.35,0.35
0.35,0.35
0.35,0.35
0.35,0.35
0.35,0.35
0.35,0.35
0.35,0.35
0.35,0.35
0.35,0.35
0.35,0.35
0.35,0.35
0.35,0.35
0.35,0.35
0.35,0.35
0.35,0.35
0.35,0.35
0.35,0.35
0.35,0.35
0.35,0.35
0.35,0.35
0.35,0.35
0.35,0.35
0.35,0.35
0.35,0.35
0.35,0.35
0.35,0.35
0.35,0.35
0.35,0.35
0.35,0.35
0.35,0.35
0.35,0.35
0.35,0.35
0.35,0.35
0.35,0.35
0.35,0.35
0.35,0.35
0.35,0.35
0.35,0.35
0.35,0.35
0.35,0.35
0.35,0.35
0.35,0.35
0.35,0.35
0.35,0.35
0.35,0.35
0.35,0.35
0.35,0.35
0.35,0.35
0.35,0.35
0.35,0.35
0.35,0.35
0.35,0.35
0.35,0.35
0.35,0.35
0.35,0.35
0.35,0.35
0.35,0.35
0.35,0.35
0.35,0.35
0.35,0.35
0.35,0.35
0.35,0.35
0.35,0.35
0.35,0.35
0.35,0.35
0.35,0.35
0.35,0.35
0.35,0.35
0.35,0.35
0.35,0.35
0.35,0.35
0.35,0.35
0.35,0.35
0.35,0.35
0.35,0.35
0.35,0.35
0.35,0.35
0.35,0.35
0.35,0.35
0.35,0.35
0.35,0.35
0.35,0.35
0.35,0.35
0.35,0.35
0.35,0.35
0.35,0.35
0.35,0.35
0.35,0.35
0.35,0.35
0.35,0.35
0.35,0.35
0.35,0.35
0.35,0.35
0.35,0.35
0.35,0.35
0.35,0.35
0.35,0.35
0.35,0.35
0.35,0.35
0.35,0.35
0.35,0.35
0.35,0.35
0.35,0.35
0.35,0.35
0.35,0.35
0.35,0.35
0.35,0.35
0.35,0.35
0.35,0.35
0.35,0.35
0.35,0.35
0.35,0.35
0.35,0.35
0.35,0.35
0.35,0.35
0.35,0.35
0.35,0.35
0.35,0.35
0.35,0.35
0.35,0.35
0.35,0.35
0.35,0.35
0.35,0.35
0.35,0.35
0.35,0.35
0.35,0.35
0.35,0.35
0.35,0.35
0.35,0.35
0.35,0.35
0.35,0.35
0.35,0.35
0.35,0.35
0.35,0.35
0.35,0.35
0.35,0.35
0.35,0.35
0.35,0.35
0.35,0.35
0.35,0.35
0.35,0.35
0.35,0.35
0.35,0.35
0.35,0.35
0.35,0.35
0.35,0.35
0.35,0.35
0.35,0.35
0.35,0.35
0.35,0.35
0.35,0.35
0.35,0.35
0.35,0.35
0.35,0.35
0.35,0.35
0.35,0.35
0.35,0.35
0.35,0.35
0.35,0.35
0.35,0.35
0.35,0.35
0.35,0.35
0.35,0.35
0.35,0.35
0.35,0.35
0.35,0.35
0.35,0.35
0.35,0.35
0.35,0.35
0.35,0.35
0.35,0.35
0.35,0.35
0.35,0.35
0.35,0.35
0.35,0.35
0.35,0.35
0.35,0.35
0.35,0.35
0.35,0.35
0.35,0.35
0.35,0.35
0.35,0.35
0.35,0.35
0.35,0.35
0.35,0.35
0.35,0.35
0.35,0.35
0.35,0.35
0.35,0.35
0.35,0.35
0.35,0.35
0.35,0.35
0.35,0.35
0.35,0.35
0.35,0.35
0.35,0.35
0.35,0.35
0.35,0.35
0.35,0.35
0.35,0.35
0.35,0.35
0.35,0.35
0.35,0.35
0.35,0.35
0.35,0.35
0.35,0.35
0.35,0.35
0.35,0.35
0.35,0.35
0.35,0.35
0.35,0.35
0.35,0.35
0.35,0.35
0.35,0.35
0.35,0.35
0.35,0.35
0.35,0.35
0.35,0.35
0.35,0.35
0.35,0.35
0.35,0.35
0.35,0.35
0.35,0.35
0.35,0.35
0.35,0.35
0.35,0.35
0.35,0.35
0.35,0.35
0.35,0.35
0.35,0.35
0.35,0.35
0.35,0.35
0.35,0.35
0.35,0.35
0.35,0.35
0.35,0.35
0.35,0.35
0.35,0.35
0.35,0.35
0.35,0.35
0.35,0.35
0.35,0.35
0.35,0.35
0.35,0.35
0.35,0.35
0.35,0.35
0.35,0.35
0.35,0.35
0.35,0.35
0.35,0.35
0.35,0.35
0.35,0.35
0.35,0.35
0.35,0.35
0.35,0.35
0.35,0.35
0.35,0.35
0.35,0.35
0.35,0.35
0.35,0.35
0.35,0.35
0.35,0.35
0.35,0.35
0.35,0.35
0.35,0.35
0.35,0.35
0.35,0.35
0.35,0.35
0.35,0.35
0.35,0.35
0.35,0.35
0.35,0.35
0.35,0.35
0.35,0.35
0.35,0.35
0.35,0.35
0.35,0.35
0.35,0.35
0.35,0.35
0.35,0.35
0.35,0.35
0.35,0.35
0.35,0.35
0.35,0.35
0.35,0.35
0.35,0.35
0.35,0.35
0.35,0.35
0.35,0.35
0.35,0.35
0.35,0.35
0.35,0.35
0.35,0.35
0.35,0.35
0.35,0.35
0.35,0.35
0.35,0.35
0.35,0.35
0.35,0.35
0.35,0.35
0.35,0.35
0.35,0.35
0.35,0.35
0.35,0.35
0.35,0.35
0.35,0.35
0.35,0.35
0.35,0.35
0.35,0.35
0.35,0.35
0.35,0.35
0.35,0.35
0.35,0.35
0.35,0.35
0.3558,0.3558
0.3617,0.3617
0.3675,0.3675
0.3733,0.3733
0.3792,0.3792
0.385,0.385
0.3908,0.3908
0.3967,0.3967
0.4025,0.4025
0.4083,0.4083
0.4142,0.4142
0.42,0.42
0.4258,0.4258
0.4317,0.4317
0.4375,0.4375
0.4433,0.4433
0.4492,0.4492
0.455,0.455
0.4608,0.4608
0.4667,0.4667
0.4725,0.4725
0.4783,0.4783
0.4842,0.4842
0.49,0.49
0.4958,0.4958
0.5017,0.5017
0.5075,0.5075
0.5133,0.5133
0.5192,0.5192
0.525,0.525
0.5308,0.5308
0.5367,0.5367
0.5425,0.5425
0.5483,0.5483
0.5542,0.5542
0.56,0.56
0.5658,0.5658
0.5717,0.5717
0.5775,0.5775
0.5833,0.5833
0.5892,0.5892
0.595,0.595
0.6008,0.6008
0.6067,0.6067
0.6125,0.6125
0.6183,0.6183
0.6242,0.6242
0.63,0.63
0.6358,0.6358
0.6417,0.6417
0.6475,0.6475
0.6533,0.6533
0.6592,0.6592
0.665,0.665
0.6708,0.6708
0.6767,0.6767
0.6825,0.6825
0.6883,0.6883
0.6942,0.6942
0.7,0.7
0.7,0.7
0.7,0.7
0.7,0.7
0.7,0.7
0.7,0.7
0.7,0.7
0.7,0.7
0.7,0.7
0.7,0.7
0.7,0.7
0.7,0.7
0.7,0.7
0.7,0.7
0.7,0.7
0.7,0.7
0.7,0.7
0.7,0.7
0.7,0.7
0.7,0.7
0.7,0.7
0.7,0.7
0.7,0.7
0.7,0.7
0.7,0.7
0.7,0.7
0.7,0.7
0.7,0.7
0.7,0.7
0.7,0.7
0.7,0.7
0.7,0.7
0.7,0.7
0.7,0.7
0.7,0.7
0.7,0.7
0.7,0.7
0.7,0.7
0.7,0.7
0.7,0.7
0.7,0.7
0.7,0.7
0.7,0.7
0.7,0.7
0.7,0.7
0.7,0.7
0.7,0.7
0.7,0.7
0.7,0.7
0.7,0.7
0.7,0.7
0.7,0.7
0.7,0.7
0.7,0.7
0.7,0.7
0.7,0.7
0.7,0.7
0.7,0.7
0.7,0.7
0.7,0.7
0.7,0.7
0.7,0.7
0.7,0.7
0.7,0.7
0.7,0.7
0.7,0.7
0.7,0.7
0.7,0.7
0.7,0.7
0.7,0.7
0.7,0.7
0.7,0.7
0.7,0.7
0.7,0.7
0.7,0.7
0.7,0.7
0.7,0.7
0.7,0.7
0.7,0.7
0.7,0.7
0.7,0.7
0.7,0.7
0.7,0.7
0.7,0.7
0.7,0.7
0.7,0.7
0.7,0.7
0.7,0.7
0.7,0.7
0.7,0.7
0.7,0.7
0.7,0.7
0.7,0.7
0.7,0.7
0.7,0.7
0.7,0.7
0.7,0.7
0.7,0.7
0.7,0.7
0.7,0.7
0.7,0.7
0.7,0.7
0.7,0.7
0.7,0.7
0.7,0.7
0.7,0.7
0.7,0.7
0.7,0.7
0.7,0.7
0.7,0.7
0.7,0.7
0.7,0.7
0.7,0.7
0.7,0.7
0.7,0.7
0.7,0.7
0.7,0.7
0.7,0.7
0.7,0.7
0.7,0.7
0.7,0.7
0.7,0.7
0.7,0.7
0.7,0.7
0.7,0.7
0.7,0.7
0.7,0.7
0.7,0.7
0.7,0.7
0.7,0.7
0.7,0.7
0.7,0.7
0.7,0.7
0.7,0.7
0.7,0.7
0.7,0.7
0.7,0.7
0.7,0.7
0.7,0.7
0.7,0.7
0.7,0.7
0.7,0.7
0.7,0.7
0.7,0.7
0.7,0.7
0.7,0.7
0.7,0.7
0.7,0.7
0.7,0.7
0.7,0.7
0.7,0.7
0.7,0.7
0.7,0.7
0.7,0.7
0.7,0.7
0.7,0.7
0.7,0.7
0.7,0.7
0.7,0.7
0.7,0.7
0.7,0.7
0.7,0.7
0.7,0.7
0.7,0.7
0.7,0.7
0.7,0.7
0.7,0.7
0.7,0.7
0.7,0.7
0.7,0.7
0.7,0.7
0.7,0.7
0.7,0.7
0.7,0.7
0.7,0.7
0.7,0.7
0.7,0.7
0.7,0.7
0.7,0.7
0.7,0.7
0.7,0.7
0.7,0.7
0.7,0.7
0.7,0.7
0.7,0.7
0.7,0.7
0.7,0.7
0.7,0.7
0.7,0.7
0.7,0.7
0.7,0.7
0.7,0.7
0.7,0.7
0.7,0.7
0.7,0.7
0.7,0.7
0.7,0.7
0.7,0.7
0.7,0.7
0.7,0.7
0.7,0.7
0.7,0.7
0.7,0.7
0.7,0.7
0.7,0.7
0.7,0.7
0.7,0.7
0.7,0.7
0.7,0.7
0.7,0.7
0.7,0.7
0.7,0.7
0.7,0.7
0.7,0.7
0.7,0.7
0.7,0.7
0.7,0.7
0.7,0.7
0.7,0.7
0.7,0.7
0.7,0.7
0.7,0.7
0.7,0.7
0.7,0.7
0.7,0.7
0.7,0.7
0.7,0.7
0.7,0.7
0.7,0.7
0.7,0.7
0.7,0.7
0.7,0.7
0.7,0.7
0.7,0.7
0.7,0.7
0.7,0.7
0.7,0.7
0.7,0.7
0.7,0.7
0.7,0.7
0.7,0.7
0.7,0.7
0.7,0.7
0.7,0.7
0.7,0.7
0.7,0.7
0.7,0.7
0.7,0.7
0.7,0.7
0.7,0.7
0.7,0.7
0.7,0.7
0.7,0.7
0.7,0.7
0.7,0.7
0.7,0.7
0.7,0.7
0.7,0.7
0.7,0.7
0.7,0.7
0.7,0.7
0.7,0.7
0.7,0.7
0.7,0.7
0.7,0.7
0.7,0.7
0.7,0.7
0.7,0.7
0.7,0.7
0.7,0.7
0.7,0.7
0.7,0.7
0.7,0.7
0.7,0.7
0.7,0.7
0.7,0.7
0.7,0.7
0.7,0.7
0.7,0.7
0.7,0.7
0.7,0.7
0.7,0.7
0.7,0.7
0.7,0.7
0.7,0.7
0.7,0.7
0.7,0.7
0.7,0.7
0.7,0.7
0.7,0.7
0.7,0.7
0.7,0.7
0.7,0.7
0.7,0.7
0.7,0.7
0.7,0.7
0.7,0.7
0.7,0.7
0.7,0.7
0.7,0.7
0.7,0.7
0.7,0.7
0.7,0.7
0.7,0.7
0.7,0.7
0.7,0.7
0.7,0.7
0.7,0.7
0.7,0.7
0.7,0.7
0.7,0.7
0.7,0.7
0.7,0.7
0.7,0.7
0.7,0.7
0.7,0.7
0.7,0.7
0.7,0.7
0.7,0.7
0.7,0.7
0.7,0.7
0.7,0.7
0.7,0.7
0.7,0.7
0.7,0.7
0.7,0.7
0.7,0.7
0.7,0.7
0.7,0.7
0.7,0.7
0.7,0.7
0.7,0.7
0.7,0.7
0.7,0.7
0.7,0.7
0.7,0.7
0.7,0.7
0.7,0.7
0.7,0.7
0.7,0.7
0.7,0.7
0.7,0.7
0.7,0.7
0.7,0.7
0.7,0.7
0.7,0.7
0.7,0.7
0.7,0.7
0.7,0.7
0.7,0.7
0.7,0.7
0.7,0.7
0.7,0.7
0.7,0.7
0.7,0.7
0.7,0.7
0.7,0.7
0.7,0.7
0.7,0.7
0.7,0.7
0.7,0.7
0.7,0.7
0.7,0.7
0.7,0.7
0.7,0.7
0.7,0.7
0.7,0.7
0.7,0.7
0.7,0.7
0.7,0.7
0.7,0.7
0.7,0.7
0.7,0.7
0.7,0.7
0.7,0.7
0.7,0.7
0.7,0.7
0.7,0.7
0.7,0.7
0.7,0.7
0.7,0.7
0.7,0.7
0.7,0.7
0.7,0.7
0.7,0.7
0.7,0.7
0.7,0.7
0.7,0.7
0.7,0.7
0.7,0.7
0.7,0.7
0.6844,0.6844
0.6689,0.6689
0.6533,0.6533
0.6378,0.6378
0.6222,0.6222
0.6067,0.6067
0.5911,0.5911
0.5756,0.5756
0.56,0.56
0.5444,0.5444
0.5289,0.5289
0.5133,0.5133
0.4978,0.4978
0.4822,0.4822
0.4667,0.4667
0.4511,0.4511
0.4356,0.4356
0.42,0.42
0.4044,0.4044
0.3889,0.3889
0.3733,0.3733
0.3578,0.3578
0.3422,0.3422
0.3267,0.3267
0.3111,0.3111
0.2956,0.2956
0.28,0.28
0.2644,0.2644
0.2489,0.2489
0.2333,0.2333
0.2178,0.2178
0.2022,0.2022
0.1867,0.1867
0.1711,0.1711
0.1556,0.1556
0.14,0.14
0.1244,0.1244
0.1089,0.1089
0.0933,0.0933
0.0778,0.0778
0.0622,0.0622
0.0467,0.0467
0.0311,0.0311
0.0156,0.0156
0.0,0.0
0.0,0.0
0.0,0.0
0.0,0.0
0.0,0.0
0.0,0.0
0.0,0.0
0.0,0.0
0.0,0.0
0.0,0.0
0.0,0.0
0.0,0.0
0.0,0.0
0.0,0.0
0.0,0.0
0.0,0.0
0.0,0.0
0.0,0.0
0.0,0.0
0.0,0.0
0.0,0.0
0.0,0.0
0.0,0.0
0.0,0.0
0.0,0.0
0.0,0.0
0.0,0.0
0.0,0.0
0.0,0.0
0.0,0.0
0.0,0.0
0.0,0.0
0.0,0.0
0.0,0.0
0.0,0.0
0.0,0.0
0.0,0.0
0.0,0.0
0.0,0.0
0.0,0.0
0.0,0.0
0.0,0.0
0.0,0.0
0.0,0.0
0.0,0.0
0.0,0.0
0.0,0.0
0.0,0.0
0.0,0.0
0.0,0.0
0.0,0.0
0.0,0.0
0.0,0.0
0.0,0.0
0.0,0.0
0.0,0.0
0.0,0.0
0.0,0.0
0.0,0.0
0.0,0.0
0.0,0.0
0.0,0.0
0.0,0.0
0.0,0.0
0.0,0.0
0.0,0.0
0.0,0.0
0.0,0.0
0.0,0.0
0.0,0.0
0.0,0.0
0.0,0.0
0.0,0.0
0.0,0.0
0.0,0.0
0.0,0.0
0.0,0.0
0.0,0.0
0.0,0.0
0.0,0.0
0.0,0.0
0.0,0.0
0.0,0.0
0.0,0.0
0.0,0.0
0.0,0.0
0.0,0.0
0.0,0.0
0.0,0.0
0.0,0.0
0.0,0.0
0.0,0.0
0.0,0.0
0.0,0.0
0.0,0.0
0.0,0.0
0.0,0.0
0.0,0.0
0.0,0.0
0.0,0.0
0.0,0.0
0.0,0.0
0.0,0.0
0.0,0.0
0.0,0.0
0.0,0.0
0.0,0.0
-0.0117,-0.0117
-0.0175,-0.0175
-0.0233,-0.0233
-0.0292,-0.0292
-0.035,-0.035
-0.0408,-0.0408
-0.0467,-0.0467
-0.0525,-0.0525
-0.0583,-0.0583
-0.0642,-0.0642
-0.07,-0.07
-0.0758,-0.0758
-0.0817,-0.0817
-0.0875,-0.0875
-0.0933,-0.0933
-0.0992,-0.0992
-0.105,-0.105
-0.1108,-0.1108
-0.1167,-0.1167
-0.1225,-0.1225
-0.1283,-0.1283
-0.1342,-0.1342
-0.14,-0.14
-0.1458,-0.1458
-0.1517,-0.1517
-0.1575,-0.1575
-0.1633,-0.1633
-0.1692,-0.1692
-0.175,-0.175
-0.1808,-0.1808
-0.1867,-0.1867
-0.1925,-0.1925
-0.1983,-0.1983
-0.2042,-0.2042
-0.21,-0.21
-0.2158,-0.2158
-0.2217,-0.2217
-0.2275,-0.2275
-0.2333,-0.2333
-0.2392,-0.2392
-0.245,-0.245
-0.2508,-0.2508
-0.2567,-0.2567
-0.2625,-0.2625
-0.2683,-0.2683
-0.2742,-0.2742
-0.28,-0.28
-0.2858,-0.2858
-0.2917,-0.2917
-0.2975,-0.2975
-0.3033,-0.3033
-0.3092,-0.3092
-0.315,-0.315
-0.3208,-0.3208
-0.3267,-0.3267
-0.3325,-0.3325
-0.3383,-0.3383
-0.3442,-0.3442
-0.35,-0.35
-0.35,-0.35
-0.35,-0.35
-0.35,-0.35
-0.35,-0.35
-0.35,-0.35
-0.35,-0.35
-0.35,-0.35
-0.35,-0.35
-0.35,-0.35
-0.35,-0.35
-0.35,-0.35
-0.35,-0.35
-0.35,-0.35
-0.35,-0.35
-0.35,-0.35
-0.35,-0.35
-0.35,-0.35
-0.35,-0.35
-0.35,-0.35
-0.35,-0.35
-0.35,-0.35
-0.35,-0.35
-0.35,-0.35
-0.35,-0.35
-0.35,-0.35
-0.35,-0.35
-0.35,-0.35
-0.35,-0.35
-0.35,-0.35
-0.35,-0.35
-0.35,-0.35
-0.35,-0.35
-0.35,-0.35
-0.35,-0.35
-0.35,-0.35
-0.35,-0.35
-0.35,-0.35
-0.35,-0.35
-0.35,-0.35
-0.35,-0.35
-0.35,-0.35
-0.35,-0.35
-0.35,-0.35
-0.35,-0.35
-0.35,-0.35
-0.35,-0.35
-0.35,-0.35
-0.35,-0.35
-0.35,-0.35
-0.35,-0.35
-0.35,-0.35
-0.35,-0.35
-0.35,-0.35
-0.35,-0.35
-0.35,-0.35
-0.35,-0.35
-0.35,-0.35
-0.35,-0.35
-0.35,-0.35
-0.35,-0.35
-0.35,-0.35
-0.35,-0.35
-0.35,-0.35
-0.35,-0.35
-0.35,-0.35
-0.35,-0.35
-0.35,-0.35
-0.35,-0.35
-0.35,-0.35
-0.35,-0.35
-0.35,-0.35
-0.35,-0.35
-0.35,-0.35
-0.35,-0.35
-0.35,-0.35
-0.35,-0.35
-0.35,-0.35
-0.35,-0.35
-0.35,-0.35
-0.35,-0.35
-0.35,-0.35
-0.35,-0.35
-0.35,-0.35
-0.35,-0.35
-0.35,-0.35
-0.35,-0.35
-0.35,-0.35
-0.35,-0.35
-0.35,-0.35
-0.35,-0.35
-0.35,-0.35
-0.35,-0.35
-0.35,-0.35
-0.35,-0.35
-0.35,-0.35
-0.35,-0.35
-0.35,-0.35
-0.35,-0.35
-0.35,-0.35
-0.35,-0.35
-0.35,-0.35
-0.35,-0.35
-0.35,-0.35
-0.35,-0.35
-0.35,-0.35
-0.35,-0.35
-0.35,-0.35
-0.35,-0.35
-0.35,-0.35
-0.35,-0.35
-0.35,-0.35
-0.35,-0.35
-0.35,-0.35
-0.35,-0.35
-0.35,-0.35
-0.35,-0.35
-0.35,-0.35
-0.35,-0.35
-0.35,-0.35
-0.35,-0.35
-0.35,-0.35
-0.35,-0.35
-0.35,-0.35
-0.35,-0.35
-0.35,-0.35
-0.35,-0.35
-0.35,-0.35
-0.35,-0.35
-0.35,-0.35
-0.35,-0.35
-0.35,-0.35
-0.35,-0.35
-0.35,-0.35
-0.35,-0.35
-0.35,-0.35
-0.35,-0.35
-0.35,-0.35
-0.35,-0.35
-0.35,-0.35
-0.35,-0.35
-0.35,-0.35
-0.35,-0.35
-0.35,-0.35
-0.35,-0.35
-0.35,-0.35
-0.35,-0.35
-0.35,-0.35
-0.35,-0.35
-0.35,-0.35
-0.35,-0.35
-0.35,-0.35
-0.35,-0.35
-0.35,-0.35
-0.35,-0.35
-0.35,-0.35
-0.35,-0.35
-0.35,-0.35
-0.35,-0.35
-0.35,-0.35
-0.35,-0.35
-0.35,-0.35
-0.35,-0.35
-0.35,-0.35
-0.35,-0.35
-0.35,-0.35
-0.35,-0.35
-0.35,-0.35
-0.35,-0.35
-0.35,-0.35
-0.35,-0.35
-0.35,-0.35
-0.35,-0.35
-0.35,-0.35
-0.35,-0.35
-0.35,-0.35
-0.35,-0.35
-0.35,-0.35
-0.35,-0.35
-0.35,-0.35
-0.35,-0.35
-0.35,-0.35
-0.35,-0.35
-0.35,-0.35
-0.35,-0.35
-0.35,-0.35
-0.35,-0.35
-0.35,-0.35
-0.35,-0.35
-0.35,-0.35
-0.35,-0.35
-0.35,-0.35
-0.35,-0.35
-0.35,-0.35
-0.35,-0.35
-0.35,-0.35
-0.35,-0.35
-0.35,-0.35
-0.35,-0.35
-0.35,-0.35
-0.35,-0.35
-0.35,-0.35
-0.35,-0.35
-0.35,-0.35
-0.35,-0.35
-0.35,-0.35
-0.35,-0.35
-0.35,-0.35
-0.35,-0.35
-0.35,-0.35
-0.35,-0.35
-0.35,-0.35
-0.35,-0.35
-0.35,-0.35
-0.35,-0.35
-0.35,-0.35
-0.35,-0.35
-0.35,-0.35
-0.35,-0.35
-0.35,-0.35
-0.35,-0.35
-0.35,-0.35
-0.35,-0.35
-0.35,-0.35
-0.35,-0.35
-0.35,-0.35
-0.35,-0.35
-0.35,-0.35
-0.35,-0.35
-0.35,-0.35
-0.35,-0.35
-0.35,-0.35
-0.35,-0.35
-0.35,-0.35
-0.35,-0.35
-0.35,-0.35
-0.35,-0.35
-0.35,-0.35
-0.35,-0.35
-0.35,-0.35
-0.35,-0.35
-0.35,-0.35
-0.35,-0.35
-0.35,-0.35
-0.35,-0.35
-0.35,-0.35
-0.35,-0.35
-0.35,-0.35
-0.35,-0.35
-0.35,-0.35
-0.35,-0.35
-0.35,-0.35
-0.35,-0.35
-0.35,-0.35
-0.35,-0.35
-0.35,-0.35
-0.35,-0.35
-0.35,-0.35
-0.35,-0.35
-0.35,-0.35
-0.35,-0.35
-0.35,-0.35
-0.35,-0.35
-0.35,-0.35
-0.35,-0.35
-0.35,-0.35
-0.35,-0.35
-0.35,-0.35
-0.35,-0.35
-0.35,-0.35
-0.35,-0.35
-0.35,-0.35
-0.35,-0.35
-0.35,-0.35
-0.35,-0.35
-0.35,-0.35
-0.35,-0.35
-0.35,-0.35
-0.35,-0.35
-0.35,-0.35
-0.35,-0.35
-0.35,-0.35
-0.35,-0.35
-0.35,-0.35
-0.35,-0.35
-0.35,-0.35
-0.35,-0.35
-0.35,-0.35
-0.35,-0.35
-0.35,-0.35
-0.35,-0.35
-0.35,-0.35
-0.35,-0.35
-0.35,-0.35
-0.35,-0.35
-0.35,-0.35
-0.35,-0.35
-0.35,-0.35
-0.35,-0.35
-0.35,-0.35
-0.35,-0.35
-0.35,-0.35
-0.35,-0.35
-0.35,-0.35
-0.35,-0.35
-0.35,-0.35
-0.35,-0.35
-0.35,-0.35
-0.35,-0.35
-0.35,-0.35
-0.35,-0.35
-0.35,-0.35
-0.35,-0.35
-0.35,-0.35
-0.35,-0.35
-0.35,-0.35
-0.35,-0.35
-0.35,-0.35
-0.35,-0.35
-0.35,-0.35
-0.35,-0.35
-0.35,-0.35
-0.35,-0.35
-0.35,-0.35
-0.35,-0.35
-0.35,-0.35
-0.35,-0.35
-0.35,-0.35
-0.35,-0.35
-0.35,-0.35
-0.35,-0.35
-0.35,-0.35
-0.35,-0.35
-0.35,-0.35
-0.35,-0.35
-0.35,-0.35
-0.35,-0.35
-0.35,-0.35
-0.35,-0.35
-0.35,-0.35
-0.35,-0.35
-0.35,-0.35
-0.35,-0.35
-0.35,-0.35
-0.35,-0.35
-0.35,-0.35
-0.35,-0.35
-0.35,-0.35
-0.35,-0.35
-0.35,-0.35
-0.35,-0.35
-0.35,-0.35
-0.35,-0.35
-0.35,-0.35
-0.35,-0.35
-0.35,-0.35
-0.35,-0.35
-0.35,-0.35
-0.35,-0.35
-0.35,-0.35
-0.35,-0.35
-0.35,-0.35
-0.35,-0.35
-0.35,-0.35
-0.35,-0.35
-0.35,-0.35
-0.35,-0.35
-0.35,-0.35
-0.35,-0.35
-0.35,-0.35
-0.35,-0.35
-0.35,-0.35
-0.35,-0.35
-0.35,-0.35
-0.35,-0.35
-0.35,-0.35
-0.35,-0.35
-0.35,-0.35
-0.35,-0.35
-0.35,-0.35
-0.35,-0.35
-0.35,-0.35
-0.35,-0.35
-0.35,-0.35
-0.35,-0.35
-0.35,-0.35
-0.35,-0.35
-0.35,-0.35
-0.35,-0.35
-0.35,-0.35
-0.35,-0.35
-0.355,-0.355
-0.36,-0.36
-0.365,-0.365
-0.37,-0.37
-0.375,-0.375
-0.38,-0.38
-0.385,-0.385
-0.39,-0.39
-0.395,-0.395
-0.4,-0.4
-0.405,-0.405
-0.41,-0.41
-0.415,-0.415
-0.42,-0.42
-0.425,-0.425
-0.43,-0.43
-0.435,-0.435
-0.44,-0.44
-0.445,-0.445
-0.45,-0.45
-0.455,-0.455
-0.46,-0.46
-0.465,-0.465
-0.47,-0.47
-0.475,-0.475
-0.48,-0.48
-0.485,-0.485
-0.49,-0.49
-0.495,-0.495
-0.5,-0.5
-0.505,-0.505
-0.51,-0.51
-0.515,-0.515
-0.52,-0.52
-0.525,-0.525
-0.53,-0.53
-0.535,-0.535
-0.54,-0.54
-0.545,-0.545
-0.55,-0.55
-0.555,-0.555
-0.56,-0.56
-0.565,-0.565
-0.57,-0.57
-0.575,-0.575
-0.58,-0.58
-0.585,-0.585
-0.59,-0.59
-0.595,-0.595
-0.6,-0.6
-0.605,-0.605
-0.61,-0.61
-0.615,-0.615
-0.62,-0.62
-0.625,-0.625
-0.63,-0.63
-0.635,-0.635
-0.64,-0.64
-0.645,-0.645
-0.65,-0.65
-0.65,-0.65
-0.65,-0.65
-0.65,-0.65
-0.65,-0.65
-0.65,-0.65
-0.65,-0.65
-0.65,-0.65
-0.65,-0.65
-0.65,-0.65
-0.65,-0.65
-0.65,-0.65
-0.65,-0.65
-0.65,-0.65
-0.65,-0.65
-0.65,-0.65
-0.65,-0.65
-0.65,-0.65
-0.65,-0.65
-0.65,-0.65
-0.65,-0.65
-0.65,-0.65
-0.65,-0.65
-0.65,-0.65
-0.65,-0.65
-0.65,-0.65
-0.65,-0.65
-0.65,-0.65
-0.65,-0.65
-0.65,-0.65
-0.65,-0.65
-0.65,-0.65
-0.65,-0.65
-0.65,-0.65
-0.65,-0.65
-0.65,-0.65
-0.65,-0.65
-0.65,-0.65
-0.65,-0.65
-0.65,-0.65
-0.65,-0.65
-0.65,-0.65
-0.65,-0.65
-0.65,-0.65
-0.65,-0.65
-0.65,-0.65
-0.65,-0.65
-0.65,-0.65
-0.65,-0.65
-0.65,-0.65
-0.65,-0.65
-0.65,-0.65
-0.65,-0.65
-0.65,-0.65
-0.65,-0.65
-0.65,-0.65
-0.65,-0.65
-0.65,-0.65
-0.65,-0.65
-0.65,-0.65
-0.65,-0.65
-0.65,-0.65
-0.65,-0.65
-0.65,-0.65
-0.65,-0.65
-0.65,-0.65
-0.65,-0.65
-0.65,-0.65
-0.65,-0.65
-0.65,-0.65
-0.65,-0.65
-0.65,-0.65
-0.65,-0.65
-0.65,-0.65
-0.65,-0.65
-0.65,-0.65
-0.65,-0.65
-0.65,-0.65
-0.65,-0.65
-0.65,-0.65
-0.65,-0.65
-0.65,-0.65
-0.65,-0.65
-0.65,-0.65
-0.65,-0.65
-0.65,-0.65
-0.65,-0.65
-0.65,-0.65
-0.65,-0.65
-0.65,-0.65
-0.65,-0.65
-0.65,-0.65
-0.65,-0.65
-0.65,-0.65
-0.65,-0.65
-0.65,-0.65
-0.65,-0.65
-0.65,-0.65
-0.65,-0.65
-0.65,-0.65
-0.65,-0.65
-0.65,-0.65
-0.65,-0.65
-0.65,-0.65
-0.65,-0.65
-0.65,-0.65
-0.65,-0.65
-0.65,-0.65
-0.65,-0.65
-0.65,-0.65
-0.65,-0.65
-0.65,-0.65
-0.65,-0.65
-0.65,-0.65
-0.65,-0.65
-0.65,-0.65
-0.65,-0.65
-0.65,-0.65
-0.65,-0.65
-0.65,-0.65
-0.65,-0.65
-0.65,-0.65
-0.65,-0.65
-0.65,-0.65
-0.65,-0.65
-0.65,-0.65
-0.65,-0.65
-0.65,-0.65
-0.65,-0.65
-0.65,-0.65
-0.65,-0.65
-0.65,-0.65
-0.65,-0.65
-0.65,-0.65
-0.65,-0.65
-0.65,-0.65
-0.65,-0.65
-0.65,-0.65
-0.65,-0.65
-0.65,-0.65
-0.65,-0.65
-0.65,-0.65
-0.65,-0.65
-0.65,-0.65
-0.65,-0.65
-0.65,-0.65
-0.65,-0.65
-0.65,-0.65
-0.65,-0.65
-0.65,-0.65
-0.65,-0.65
-0.65,-0.65
-0.65,-0.65
-0.65,-0.65
-0.65,-0.65
-0.65,-0.65
-0.65,-0.65
-0.65,-0.65
-0.65,-0.65
-0.65,-0.65
-0.65,-0.65
-0.65,-0.65
-0.65,-0.65
-0.65,-0.65
-0.65,-0.65
-0.65,-0.65
-0.65,-0.65
-0.65,-0.65
-0.65,-0.65
-0.65,-0.65
-0.65,-0.65
-0.65,-0.65
-0.65,-0.65
-0.65,-0.65
-0.65,-0.65
-0.65,-0.65
-0.65,-0.65
-0.65,-0.65
-0.65,-0.65
-0.65,-0.65
-0.65,-0.65
-0.65,-0.65
-0.65,-0.65
-0.65,-0.65
-0.65,-0.65
-0.65,-0.65
-0.65,-0.65
-0.65,-0.65
-0.65,-0.65
-0.65,-0.65
-0.65,-0.65
-0.65,-0.65
-0.65,-0.65
-0.65,-0.65
-0.65,-0.65
-0.65,-0.65
-0.65,-0.65
-0.65,-0.65
-0.65,-0.65
-0.65,-0.65
-0.65,-0.65
-0.65,-0.65
-0.65,-0.65
-0.65,-0.65
-0.65,-0.65
-0.65,-0.65
-0.65,-0.65
-0.65,-0.65
-0.65,-0.65
-0.65,-0.65
-0.65,-0.65
-0.65,-0.65
-0.65,-0.65
-0.65,-0.65
-0.65,-0.65
-0.65,-0.65
-0.65,-0.65
-0.65,-0.65
-0.65,-0.65
-0.65,-0.65
-0.65,-0.65
-0.65,-0.65
-0.65,-0.65
-0.65,-0.65
-0.65,-0.65
-0.65,-0.65
-0.65,-0.65
-0.65,-0.65
-0.65,-0.65
-0.65,-0.65
-0.65,-0.65
-0.65,-0.65
-0.65,-0.65
-0.65,-0.65
-0.65,-0.65
-0.65,-0.65
-0.65,-0.65
-0.65,-0.65
-0.65,-0.65
-0.65,-0.65
-0.65,-0.65
-0.65,-0.65
-0.65,-0.65
-0.65,-0.65
-0.65,-0.65
-0.65,-0.65
-0.65,-0.65
-0.65,-0.65
-0.65,-0.65
-0.65,-0.65
-0.65,-0.65
-0.65,-0.65
-0.65,-0.65
-0.65,-0.65
-0.65,-0.65
-0.65,-0.65
-0.65,-0.65
-0.65,-0.65
-0.65,-0.65
-0.65,-0.65
-0.65,-0.65
-0.65,-0.65
-0.65,-0.65
-0.65,-0.65
-0.65,-0.65
-0.65,-0.65
-0.65,-0.65
-0.65,-0.65
-0.65,-0.65
-0.65,-0.65
-0.65,-0.65
-0.65,-0.65
-0.65,-0.65
-0.65,-0.65
-0.65,-0.65
-0.65,-0.65
-0.65,-0.65
-0.65,-0.65
-0.65,-0.65
-0.65,-0.65
-0.65,-0.65
-0.65,-0.65
-0.65,-0.65
-0.65,-0.65
-0.65,-0.65
-0.65,-0.65
-0.65,-0.65
-0.65,-0.65
-0.65,-0.65
-0.65,-0.65
-0.65,-0.65
-0.65,-0.65
-0.65,-0.65
-0.65,-0.65
-0.65,-0.65
-0.65,-0.65
-0.65,-0.65
-0.65,-0.65
-0.65,-0.65
-0.65,-0.65
-0.65,-0.65
-0.65,-0.65
-0.65,-0.65
-0.65,-0.65
-0.65,-0.65
-0.65,-0.65
-0.65,-0.65
-0.65,-0.65
-0.65,-0.65
-0.65,-0.65
-0.65,-0.65
-0.65,-0.65
-0.65,-0.65
-0.65,-0.65
-0.65,-0.65
-0.65,-0.65
-0.65,-0.65
-0.65,-0.65
-0.65,-0.65
-0.65,-0.65
-0.65,-0.65
-0.65,-0.65
-0.65,-0.65
-0.65,-0.65
-0.65,-0.65
-0.65,-0.65
-0.65,-0.65
-0.65,-0.65
-0.65,-0.65
-0.65,-0.65
-0.65,-0.65
-0.65,-0.65
-0.65,-0.65
-0.65,-0.65
-0.65,-0.65
-0.65,-0.65
-0.65,-0.65
-0.65,-0.65
-0.65,-0.65
-0.65,-0.65
-0.65,-0.65
-0.65,-0.65
-0.65,-0.65
-0.65,-0.65
-0.65,-0.65
-0.65,-0.65
-0.65,-0.65
-0.65,-0.65
-0.65,-0.65
-0.65,-0.65
-0.65,-0.65
-0.65,-0.65
-0.65,-0.65
-0.65,-0.65
-0.65,-0.65
-0.65,-0.65
-0.65,-0.65
-0.65,-0.65
-0.65,-0.65
-0.65,-0.65
-0.65,-0.65
-0.65,-0.65
-0.65,-0.65
-0.65,-0.65
-0.65,-0.65
-0.65,-0.65
-0.65,-0.65
-0.65,-0.65
-0.65,-0.65
-0.65,-0.65
-0.65,-0.65
-0.65,-0.65
-0.65,-0.65
-0.65,-0.65
-0.65,-0.65
-0.65,-0.65
-0.65,-0.65
-0.65,-0.65
-0.65,-0.65
-0.65,-0.65
-0.65,-0.65
-0.65,-0.65
-0.65,-0.65
-0.65,-0.65
-0.65,-0.65
-0.65,-0.65
-0.65,-0.65
-0.65,-0.65
-0.65,-0.65
-0.65,-0.65
-0.65,-0.65
-0.6356,-0.6356
-0.6211,-0.6211
-0.6067,-0.6067
-0.5922,-0.5922
-0.5778,-0.5778
-0.5633,-0.5633
-0.5489,-0.5489
-0.5344,-0.5344
-0.52,-0.52
-0.5056,-0.5056
-0.4911,-0.4911
-0.4767,-0.4767
-0.4622,-0.4622
-0.4478,-0.4478
-0.4333,-0.4333
-0.4189,-0.4189
-0.4044,-0.4044
-0.39,-0.39
-0.3756,-0.3756
-0.3611,-0.3611
-0.3467,-0.3467
-0.3322,-0.3322
-0.3178,-0.3178
-0.3033,-0.3033
-0.2889,-0.2889
-0.2744,-0.2744
-0.26,-0.26
-0.2456,-0.2456
-0.2311,-0.2311
-0.2167,-0.2167
-0.2022,-0.2022
-0.1878,-0.1878
-0.1733,-0.1733
-0.1589,-0.1589
-0.1444,-0.1444
-0.13,-0.13
-0.1156,-0.1156
-0.1011,-0.1011
-0.0867,-0.0867
-0.0722,-0.0722
-0.0578,-0.0578
-0.0433,-0.0433
-0.0289,-0.0289
-0.0144,-0.0144
0.0,0.0
0.0,0.0
0.0,0.0
0.0,0.0
0.0,0.0
0.0,0.0
0.0,0.0
0.0,0.0
0.0,0.0
0.0,0.0
0.0,0.0
0.0,0.0
0.0,0.0
0.0,0.0
0.0,0.0
0.0,0.0
0.0,0.0
0.0,0.0
0.0,0.0
0.0,0.0
0.0,0.0
0.0,0.0
0.0,0.0
0.0,0.0
0.0,0.0
0.0,0.0
0.0,0.0
0.0,0.0
0.0,0.0
0.0,0.0
0.0,0.0
0.0,0.0
0.0,0.0
0.0,0.0
0.0,0.0
0.0,0.0
0.0,0.0
0.0,0.0
0.0,0.0
0.0,0.0
0.0,0.0
0.0,0.0
0.0,0.0
0.0,0.0
0.0,0.0
0.0,0.0
0.0,0.0
0.0,0.0
0.0,0.0
0.0,0.0
0.0,0.0
0.0,0.0
0.0,0.0
0.0,0.0
0.0,0.0
0.0,0.0
0.0,0.0
0.0,0.0
0.0,0.0
0.0,0.0
0.0,0.0
0.0,0.0
0.0,0.0
0.0,0.0
0.0,0.0
0.0,0.0
0.0,0.0
0.0,0.0
0.0,0.0
0.0,0.0
0.0,0.0
0.0,0.0
0.0,0.0
0.0,0.0
0.0,0.0
0.0,0.0
0.0,0.0
0.0,0.0
0.0,0.0
0.0,0.0
0.0,0.0
0.0,0.0
0.0,0.0
0.0,0.0
0.0,0.0
0.0,0.0
0.0,0.0
0.0,0.0
0.0,0.0
0.0,0.0
0.0,0.0
0.0,0.0
0.0,0.0
0.0,0.0
0.0,0.0
0.0,0.0
0.0,0.0
0.0,0.0
0.0,0.0
0.0,0.0
0.0,0.0
0.0,0.0
0.0,0.0
0.0,0.0
0.0,0.0
0.0,0.0
0.0122,-0.0122
0.0244,-0.0244
0.0367,-0.0367
0.0489,-0.0489
0.0611,-0.0611
0.0733,-0.0733
0.0856,-0.0856
0.0978,-0.0978
0.11,-0.11
0.1222,-0.1222
0.1344,-0.1344
0.1467,-0.1467
0.1589,-0.1589
0.1711,-0.1711
0.1833,-0.1833
0.1956,-0.1956
0.2078,-0.2078
0.22,-0.22
0.2322,-0.2322
0.2444,-0.2444
0.2567,-0.2567
0.2689,-0.2689
0.2811,-0.2811
0.2933,-0.2933
0.3056,-0.3056
0.3178,-0.3178
0.33,-0.33
0.3422,-0.3422
0.3544,-0.3544
0.3667,-0.3667
0.3789,-0.3789
0.3911,-0.3911
0.4033,-0.4033
0.4156,-0.4156
0.4278,-0.4278
0.44,-0.44
0.4522,-0.4522
0.4644,-0.4644
0.4767,-0.4767
0.4889,-0.4889
0.5011,-0.5011
0.5133,-0.5133
0.5256,-0.5256
0.5378,-0.5378
0.55,-0.55
0.55,-0.55
0.55,-0.55
0.55,-0.55
0.55,-0.55
0.55,-0.55
0.55,-0.55
0.55,-0.55
0.55,-0.55
0.55,-0.55
0.55,-0.55
0.55,-0.55
0.55,-0.55
0.55,-0.55
0.55,-0.55
0.55,-0.55
0.55,-0.55
0.55,-0.55
0.55,-0.55
0.55,-0.55
0.55,-0.55
0.55,-0.55
0.55,-0.55
0.55,-0.55
0.55,-0.55
0.55,-0.55
0.55,-0.55
0.55,-0.55
0.55,-0.55
0.55,-0.55
0.55,-0.55
0.55,-0.55
0.55,-0.55
0.55,-0.55
0.55,-0.55
0.55,-0.55
0.55,-0.55
0.55,-0.55
0.55,-0.55
0.55,-0.55
0.55,-0.55
0.55,-0.55
0.55,-0.55
0.55,-0.55
0.55,-0.55
0.55,-0.55
0.55,-0.55
0.55,-0.55
0.55,-0.55
0.55,-0.55
0.55,-0.55
0.55,-0.55
0.55,-0.55
0.55,-0.55
0.55,-0.55
0.55,-0.55
0.55,-0.55
0.55,-0.55
0.55,-0.55
0.55,-0.55
0.55,-0.55
0.55,-0.55
0.55,-0.55
0.55,-0.55
0.55,-0.55
0.55,-0.55
0.55,-0.55
0.55,-0.55
0.55,-0.55
0.55,-0.55
0.55,-0.55
0.55,-0.55
0.55,-0.55
0.55,-0.55
0.55,-0.55
0.55,-0.55
0.55,-0.55
0.55,-0.55
0.55,-0.55
0.55,-0.55
0.55,-0.55
0.55,-0.55
0.55,-0.55
0.55,-0.55
0.55,-0.55
0.55,-0.55
0.55,-0.55
0.55,-0.55
0.55,-0.55
0.55,-0.55
0.55,-0.55
0.55,-0.55
0.55,-0.55
0.55,-0.55
0.55,-0.55
0.55,-0.55
0.55,-0.55
0.55,-0.55
0.55,-0.55
0.55,-0.55
0.55,-0.55
0.55,-0.55
0.55,-0.55
0.55,-0.55
0.55,-0.55
0.55,-0.55
0.55,-0.55
0.55,-0.55
0.55,-0.55
0.55,-0.55
0.55,-0.55
0.55,-0.55
0.55,-0.55
0.55,-0.55
0.55,-0.55
0.55,-0.55
0.55,-0.55
0.55,-0.55
0.55,-0.55
0.55,-0.55
0.55,-0.55
0.55,-0.55
0.55,-0.55
0.55,-0.55
0.55,-0.55
0.55,-0.55
0.55,-0.55
0.55,-0.55
0.55,-0.55
0.55,-0.55
0.55,-0.55
0.55,-0.55
0.55,-0.55
0.55,-0.55
0.55,-0.55
0.55,-0.55
0.55,-0.55
0.55,-0.55
0.55,-0.55
0.55,-0.55
0.55,-0.55
0.55,-0.55
0.55,-0.55
0.55,-0.55
0.55,-0.55
0.55,-0.55
0.55,-0.55
0.55,-0.55
0.55,-0.55
0.55,-0.55
0.55,-0.55
0.55,-0.55
0.55,-0.55
0.55,-0.55
0.55,-0.55
0.55,-0.55
0.55,-0.55
0.55,-0.55
0.55,-0.55
0.55,-0.55
0.55,-0.55
0.55,-0.55
0.55,-0.55
0.55,-0.55
0.55,-0.55
0.55,-0.55
0.55,-0.55
0.55,-0.55
0.55,-0.55
0.55,-0.55
0.55,-0.55
0.55,-0.55
0.55,-0.55
0.55,-0.55
0.55,-0.55
0.55,-0.55
0.55,-0.55
0.55,-0.55
0.55,-0.55
0.55,-0.55
0.55,-0.55
0.55,-0.55
0.55,-0.55
0.55,-0.55
0.55,-0.55
0.55,-0.55
0.55,-0.55
0.55,-0.55
0.55,-0.55
0.55,-0.55
0.55,-0.55
0.55,-0.55
0.55,-0.55
0.55,-0.55
0.55,-0.55
0.55,-0.55
0.55,-0.55
0.55,-0.55
0.55,-0.55
0.55,-0.55
0.55,-0.55
0.55,-0.55
0.55,-0.55
0.55,-0.55
0.55,-0.55
0.55,-0.55
0.55,-0.55
0.55,-0.55
0.55,-0.55
0.55,-0.55
0.55,-0.55
0.55,-0.55
0.55,-0.55
0.55,-0.55
0.55,-0.55
0.55,-0.55
0.55,-0.55
0.55,-0.55
0.55,-0.55
0.55,-0.55
0.55,-0.55
0.55,-0.55
0.55,-0.55
0.55,-0.55
0.55,-0.55
0.55,-0.55
0.55,-0.55
0.55,-0.55
0.55,-0.55
0.55,-0.55
0.55,-0.55
0.55,-0.55
0.55,-0.55
0.55,-0.55
0.55,-0.55
0.55,-0.55
0.55,-0.55
0.55,-0.55
0.55,-0.55
0.55,-0.55
0.55,-0.55
0.55,-0.55
0.55,-0.55
0.55,-0.55
0.55,-0.55
0.55,-0.55
0.55,-0.55
0.55,-0.55
0.55,-0.55
0.55,-0.55
0.55,-0.55
0.55,-0.55
0.55,-0.55
0.55,-0.55
0.55,-0.55
0.55,-0.55
0.55,-0.55
0.55,-0.55
0.55,-0.55
0.55,-0.55
0.55,-0.55
0.55,-0.55
0.55,-0.55
0.55,-0.55
0.55,-0.55
0.55,-0.55
0.55,-0.55
0.55,-0.55
0.55,-0.55
0.55,-0.55
0.55,-0.55
0.55,-0.55
0.55,-0.55
0.55,-0.55
0.55,-0.55
0.55,-0.55
0.55,-0.55
0.55,-0.55
0.55,-0.55
0.55,-0.55
0.55,-0.55
0.55,-0.55
0.55,-0.55
0.55,-0.55
0.55,-0.55
0.55,-0.55
0.55,-0.55
0.55,-0.55
0.55,-0.55
0.55,-0.55
0.55,-0.55
0.55,-0.55
0.55,-0.55
0.55,-0.55
0.55,-0.55
0.55,-0.55
0.55,-0.55
0.55,-0.55
0.55,-0.55
0.55,-0.55
0.55,-0.55
0.55,-0.55
0.55,-0.55
0.55,-0.55
0.55,-0.55
0.55,-0.55
0.55,-0.55
0.55,-0.55
0.55,-0.55
0.55,-0.55
0.55,-0.55
0.55,-0.55
0.55,-0.55
0.55,-0.55
0.55,-0.55
0.55,-0.55
0.55,-0.55
0.55,-0.55
0.55,-0.55
0.55,-0.55
0.55,-0.55
0.55,-0.55
0.55,-0.55
0.55,-0.55
0.55,-0.55
0.55,-0.55
0.55,-0.55
0.55,-0.55
0.55,-0.55
0.55,-0.55
0.55,-0.55
0.55,-0.55
0.55,-0.55
0.55,-0.55
0.55,-0.55
0.55,-0.55
0.55,-0.55
0.55,-0.55
0.55,-0.55
0.55,-0.55
0.55,-0.55
0.55,-0.55
0.55,-0.55
0.55,-0.55
0.55,-0.55
0.55,-0.55
0.55,-0.55
0.55,-0.55
0.55,-0.55
0.55,-0.55
0.55,-0.55
0.55,-0.55
0.55,-0.55
0.55,-0.55
0.55,-0.55
0.55,-0.55
0.55,-0.55
0.55,-0.55
0.55,-0.55
0.55,-0.55
0.55,-0.55
0.55,-0.55
0.55,-0.55
0.55,-0.55
0.55,-0.55
0.55,-0.55
0.55,-0.55
0.55,-0.55
0.55,-0.55
0.55,-0.55
0.55,-0.55
0.55,-0.55
0.55,-0.55
0.55,-0.55
0.55,-0.55
0.55,-0.55
0.55,-0.55
0.55,-0.55
0.55,-0.55
0.55,-0.55
0.55,-0.55
0.55,-0.55
0.55,-0.55
0.55,-0.55
0.55,-0.55
0.55,-0.55
0.55,-0.55
0.55,-0.55
0.55,-0.55
0.55,-0.55
0.55,-0.55
0.55,-0.55
0.55,-0.55
0.55,-0.55
0.55,-0.55
0.55,-0.55
0.55,-0.55
0.55,-0.55
0.55,-0.55
0.55,-0.55
0.55,-0.55
0.55,-0.55
0.55,-0.55
0.55,-0.55
0.55,-0.55
0.55,-0.55
0.5317,-0.5317
0.5133,-0.5133
0.495,-0.495
0.4767,-0.4767
0.4583,-0.4583
0.44,-0.44
0.4217,-0.4217
0.4033,-0.4033
0.385,-0.385
0.3667,-0.3667
0.3483,-0.3483
0.33,-0.33
0.3117,-0.3117
0.2933,-0.2933
0.275,-0.275
0.2567,-0.2567
0.2383,-0.2383
0.22,-0.22
0.2017,-0.2017
0.1833,-0.1833
0.165,-0.165
0.1467,-0.1467
0.1283,-0.1283
0.11,-0.11
0.0917,-0.0917
0.0733,-0.0733
0.055,-0.055
0.0367,-0.0367
0.0183,-0.0183
0.0,0.0
0.0,0.0
0.0,0.0
0.0,0.0
0.0,0.0
0.0,0.0
0.0,0.0
0.0,0.0
0.0,0.0
0.0,0.0
0.0,0.0
0.0,0.0
0.0,0.0
0.0,0.0
0.0,0.0
0.0,0.0
0.0,0.0
0.0,0.0
0.0,0.0
0.0,0.0
0.0,0.0
0.0,0.0
0.0,0.0
0.0,0.0
0.0,0.0
0.0,0.0
0.0,0.0
0.0,0.0
0.0,0.0
0.0,0.0
0.0,0.0
0.0,0.0
0.0,0.0
0.0,0.0
0.0,0.0
0.0,0.0
0.0,0.0
0.0,0.0
0.0,0.0
0.0,0.0
0.0,0.0
0.0,0.0
0.0,0.0
0.0,0.0
0.0,0.0
0.0,0.0
0.0,0.0
0.0,0.0
0.0,0.0
0.0,0.0
0.0,0.0
0.0,0.0
0.0,0.0
0.0,0.0
0.0,0.0
0.0,0.0
0.0,0.0
0.0,0.0
0.0,0.0
0.0,0.0
0.0,0.0
0.0,0.0
0.0,0.0
0.0,0.0
0.0,0.0
0.0,0.0
0.0,0.0
0.0,0.0
0.0,0.0
0.0,0.0
0.0,0.0
0.0,0.0
0.0,0.0
0.0,0.0
0.0,0.0
0.0,0.0
0.0,0.0
0.0,0.0
0.0,0.0
0.0,0.0
0.0,0.0
0.0,0.0
0.0,0.0
0.0,0.0
0.0,0.0
0.0,0.0
0.0,0.0
0.0,0.0
0.0,0.0
0.0,0.0
0.0,0.0
-0.0122,0.0122
-0.0244,0.0244
-0.0367,0.0367
-0.0489,0.0489
-0.0611,0.0611
-0.0733,0.0733
-0.0856,0.0856
-0.0978,0.0978
-0.11,0.11
-0.1222,0.1222
-0.1344,0.1344
-0.1467,0.1467
-0.1589,0.1589
-0.1711,0.1711
-0.1833,0.1833
-0.1956,0.1956
-0.2078,0.2078
-0.22,0.22
-0.2322,0.2322
-0.2444,0.2444
-0.2567,0.2567
-0.2689,0.2689
-0.2811,0.2811
-0.2933,0.2933
-0.3056,0.3056
-0.3178,0.3178
-0.33,0.33
-0.3422,0.3422
-0.3544,0.3544
-0.3667,0.3667
-0.3789,0.3789
-0.3911,0.3911
-0.4033,0.4033
-0.4156,0.4156
-0.4278,0.4278
-0.44,0.44
-0.4522,0.4522
-0.4644,0.4644
-0.4767,0.4767
-0.4889,0.4889
-0.5011,0.5011
-0.5133,0.5133
-0.5256,0.5256
-0.5378,0.5378
-0.55,0.55
-0.55,0.55
-0.55,0.55
-0.55,0.55
-0.55,0.55
-0.55,0.55
-0.55,0.55
-0.55,0.55
-0.55,0.55
-0.55,0.55
-0.55,0.55
-0.55,0.55
-0.55,0.55
-0.55,0.55
-0.55,0.55
-0.55,0.55
-0.55,0.55
-0.55,0.55
-0.55,0.55
-0.55,0.55
-0.55,0.55
-0.55,0.55
-0.55,0.55
-0.55,0.55
-0.55,0.55
-0.55,0.55
-0.55,0.55
-0.55,0.55
-0.55,0.55
-0.55,0.55
-0.55,0.55
-0.55,0.55
-0.55,0.55
-0.55,0.55
-0.55,0.55
-0.55,0.55
-0.55,0.55
-0.55,0.55
-0.55,0.55
-0.55,0.55
-0.55,0.55
-0.55,0.55
-0.55,0.55
-0.55,0.55
-0.55,0.55
-0.55,0.55
-0.55,0.55
-0.55,0.55
-0.55,0.55
-0.55,0.55
-0.55,0.55
-0.55,0.55
-0.55,0.55
-0.55,0.55
-0.55,0.55
-0.55,0.55
-0.55,0.55
-0.55,0.55
-0.55,0.55
-0.55,0.55
-0.55,0.55
-0.55,0.55
-0.55,0.55
-0.55,0.55
-0.55,0.55
-0.55,0.55
-0.55,0.55
-0.55,0.55
-0.55,0.55
-0.55,0.55
-0.55,0.55
-0.55,0.55
-0.55,0.55
-0.55,0.55
-0.55,0.55
-0.55,0.55
-0.55,0.55
-0.55,0.55
-0.55,0.55
-0.55,0.55
-0.55,0.55
-0.55,0.55
-0.55,0.55
-0.55,0.55
-0.55,0.55
-0.55,0.55
-0.55,0.55
-0.55,0.55
-0.55,0.55
-0.55,0.55
-0.55,0.55
-0.55,0.55
-0.55,0.55
-0.55,0.55
-0.55,0.55
-0.55,0.55
-0.55,0.55
-0.55,0.55
-0.55,0.55
-0.55,0.55
-0.55,0.55
-0.55,0.55
-0.55,0.55
-0.55,0.55
-0.55,0.55
-0.55,0.55
-0.55,0.55
-0.55,0.55
-0.55,0.55
-0.55,0.55
-0.55,0.55
-0.55,0.55
-0.55,0.55
-0.55,0.55
-0.55,0.55
-0.55,0.55
-0.55,0.55
-0.55,0.55
-0.55,0.55
-0.55,0.55
-0.55,0.55
-0.55,0.55
-0.55,0.55
-0.55,0.55
-0.55,0.55
-0.55,0.55
-0.55,0.55
-0.55,0.55
-0.55,0.55
-0.55,0.55
-0.55,0.55
-0.55,0.55
-0.55,0.55
-0.55,0.55
-0.55,0.55
-0.55,0.55
-0.55,0.55
-0.55,0.55
-0.55,0.55
-0.55,0.55
-0.55,0.55
-0.55,0.55
-0.55,0.55
-0.55,0.55
-0.55,0.55
-0.55,0.55
-0.55,0.55
-0.55,0.55
-0.55,0.55
-0.55,0.55
-0.55,0.55
-0.55,0.55
-0.55,0.55
-0.55,0.55
-0.55,0.55
-0.55,0.55
-0.55,0.55
-0.55,0.55
-0.55,0.55
-0.55,0.55
-0.55,0.55
-0.55,0.55
-0.55,0.55
-0.55,0.55
-0.55,0.55
-0.55,0.55
-0.55,0.55
-0.55,0.55
-0.55,0.55
-0.55,0.55
-0.55,0.55
-0.55,0.55
-0.55,0.55
-0.55,0.55
-0.55,0.55
-0.55,0.55
-0.55,0.55
-0.55,0.55
-0.55,0.55
-0.55,0.55
-0.55,0.55
-0.55,0.55
-0.55,0.55
-0.55,0.55
-0.55,0.55
-0.55,0.55
-0.55,0.55
-0.55,0.55
-0.55,0.55
-0.55,0.55
-0.55,0.55
-0.55,0.55
-0.55,0.55
-0.55,0.55
-0.55,0.55
-0.55,0.55
-0.55,0.55
-0.55,0.55
-0.55,0.55
-0.55,0.55
-0.55,0.55
-0.55,0.55
-0.55,0.55
-0.55,0.55
-0.55,0.55
-0.55,0.55
-0.55,0.55
-0.55,0.55
-0.55,0.55
-0.55,0.55
-0.55,0.55
-0.55,0.55
-0.55,0.55
-0.55,0.55
-0.55,0.55
-0.55,0.55
-0.55,0.55
-0.55,0.55
-0.55,0.55
-0.55,0.55
-0.55,0.55
-0.55,0.55
-0.55,0.55
-0.55,0.55
-0.55,0.55
-0.55,0.55
-0.55,0.55
-0.55,0.55
-0.55,0.55
-0.55,0.55
-0.55,0.55
-0.55,0.55
-0.55,0.55
-0.55,0.55
-0.55,0.55
-0.55,0.55
-0.55,0.55
-0.55,0.55
-0.55,0.55
-0.55,0.55
-0.55,0.55
-0.55,0.55
-0.55,0.55
-0.55,0.55
-0.55,0.55
-0.55,0.55
-0.55,0.55
-0.55,0.55
-0.55,0.55
-0.55,0.55
-0.55,0.55
-0.55,0.55
-0.55,0.55
-0.55,0.55
-0.55,0.55
-0.55,0.55
-0.55,0.55
-0.55,0.55
-0.55,0.55
-0.55,0.55
-0.55,0.55
-0.55,0.55
-0.55,0.55
-0.55,0.55
-0.55,0.55
-0.55,0.55
-0.55,0.55
-0.55,0.55
-0.55,0.55
-0.55,0.55
-0.55,0.55
-0.55,0.55
-0.55,0.55
-0.55,0.55
-0.55,0.55
-0.55,0.55
-0.55,0.55
-0.55,0.55
-0.55,0.55
-0.55,0.55
-0.55,0.55
-0.55,0.55
-0.55,0.55
-0.55,0.55
-0.55,0.55
-0.55,0.55
-0.55,0.55
-0.55,0.55
-0.55,0.55
-0.55,0.55
-0.55,0.55
-0.55,0.55
-0.55,0.55
-0.55,0.55
-0.55,0.55
-0.55,0.55
-0.55,0.55
-0.55,0.55
-0.55,0.55
-0.55,0.55
-0.55,0.55
-0.55,0.55
-0.55,0.55
-0.55,0.55
-0.55,0.55
-0.55,0.55
-0.55,0.55
-0.55,0.55
-0.55,0.55
-0.55,0.55
-0.55,0.55
-0.55,0.55
-0.55,0.55
-0.55,0.55
-0.55,0.55
-0.55,0.55
-0.55,0.55
-0.55,0.55
-0.55,0.55
-0.55,0.55
-0.55,0.55
-0.55,0.55
-0.55,0.55
-0.55,0.55
-0.55,0.55
-0.55,0.55
-0.55,0.55
-0.55,0.55
-0.55,0.55
-0.55,0.55
-0.55,0.55
-0.55,0.55
-0.55,0.55
-0.55,0.55
-0.55,0.55
-0.55,0.55
-0.55,0.55
-0.55,0.55
-0.55,0.55
-0.55,0.55
-0.55,0.55
-0.55,0.55
-0.55,0.55
-0.55,0.55
-0.55,0.55
-0.55,0.55
-0.55,0.55
-0.55,0.55
-0.55,0.55
-0.55,0.55
-0.55,0.55
-0.55,0.55
-0.55,0.55
-0.55,0.55
-0.55,0.55
-0.55,0.55
-0.55,0.55
-0.55,0.55
-0.55,0.55
-0.55,0.55
-0.55,0.55
-0.55,0.55
-0.55,0.55
-0.55,0.55
-0.55,0.55
-0.55,0.55
-0.55,0.55
-0.55,0.55
-0.55,0.55
-0.55,0.55
-0.55,0.55
-0.55,0.55
-0.55,0.55
-0.55,0.55
-0.55,0.55
-0.55,0.55
-0.55,0.55
-0.55,0.55
-0.55,0.55
-0.55,0.55
-0.55,0.55
-0.55,0.55
-0.55,0.55
-0.55,0.55
-0.55,0.55
-0.55,0.55
-0.55,0.55
-0.55,0.55
-0.55,0.55
-0.55,0.55
-0.55,0.55
-0.55,0.55
-0.55,0.55
-0.55,0.55
-0.55,0.55
-0.55,0.55
-0.55,0.55
-0.55,0.55
-0.55,0.55
-0.55,0.55
-0.55,0.55
-0.55,0.55
-0.55,0.55
-0.55,0.55
-0.55,0.55
-0.55,0.55
-0.5317,0.5317
-0.5133,0.5133
-0.495,0.495
-0.4767,0.4767
-0.4583,0.4583
-0.44,0.44
-0.4217,0.4217
-0.4033,0.4033
-0.385,0.385
-0.3667,0.3667
-0.3483,0.3483
-0.33,0.33
-0.3117,0.3117
-0.2933,0.2933
-0.275,0.275
-0.2567,0.2567
-0.2383,0.2383
-0.22,0.22
-0.2017,0.2017
-0.1833,0.1833
-0.165,0.165
-0.1467,0.1467
-0.1283,0.1283
-0.11,0.11
-0.0917,0.0917
-0.0733,0.0733
-0.055,0.055
-0.0367,0.0367
-0.0183,0.0183
0.0,0.0
0.0,0.0
0.0,0.0
0.0,0.0
0.0,0.0
0.0,0.0
0.0,0.0
0.0,0.0
0.0,0.0
0.0,0.0
0.0,0.0
0.0,0.0
0.0,0.0
0.0,0.0
0.0,0.0
0.0,0.0
0.0,0.0
0.0,0.0
0.0,0.0
0.0,0.0
0.0,0.0
0.0,0.0
0.0,0.0
0.0,0.0
0.0,0.0
0.0,0.0
0.0,0.0
0.0,0.0
0.0,0.0
0.0,0.0
0.0,0.0
0.0,0.0
0.0,0.0
0.0,0.0
0.0,0.0
0.0,0.0
0.0,0.0
0.0,0.0
0.0,0.0
0.0,0.0
0.0,0.0
0.0,0.0
0.0,0.0
0.0,0.0
0.0,0.0
0.0,0.0
0.0,0.0
0.0,0.0
0.0,0.0
0.0,0.0
0.0,0.0
0.0,0.0
0.0,0.0
0.0,0.0
0.0,0.0
0.0,0.0
0.0,0.0
0.0,0.0
0.0,0.0
0.0,0.0
0.0,0.0
0.0,0.0
0.0,0.0
0.0,0.0
0.0,0.0
0.0,0.0
0.0,0.0
0.0,0.0
0.0,0.0
0.0,0.0
0.0,0.0
0.0,0.0
0.0,0.0
0.0,0.0
0.0,0.0
0.0,0.0
0.0,0.0
0.0,0.0
0.0,0.0
0.0,0.0
0.0,0.0
0.0,0.0
0.0,0.0
0.0,0.0
0.0,0.0
0.0,0.0
0.0,0.0
0.0,0.0
0.0,0.0
0.0,0.0
0.0,0.0
0.0133,0.0
0.0267,0.0
0.04,0.0133
0.0533,0.0178
0.0667,0.0222
0.08,0.0267
0.0933,0.0311
0.1067,0.0356
0.12,0.04
0.1333,0.0444
0.1467,0.0489
0.16,0.0533
0.1733,0.0578
0.1867,0.0622
0.2,0.0667
0.2133,0.0711
0.2267,0.0756
0.24,0.08
0.2533,0.0844
0.2667,0.0889
0.28,0.0933
0.2933,0.0978
0.3067,0.1022
0.32,0.1067
0.3333,0.1111
0.3467,0.1156
0.36,0.12
0.3733,0.1244
0.3867,0.1289
0.4,0.1333
0.4133,0.1378
0.4267,0.1422
0.44,0.1467
0.4533,0.1511
0.4667,0.1556
0.48,0.16
0.4933,0.1644
0.5067,0.1689
0.52,0.1733
0.5333,0.1778
0.5467,0.1822
0.56,0.1867
0.5733,0.1911
0.5867,0.1956
0.6,0.2
0.6,0.2
0.6,0.2
0.6,0.2
0.6,0.2
0.6,0.2
0.6,0.2
0.6,0.2
0.6,0.2
0.6,0.2
0.6,0.2
0.6,0.2
0.6,0.2
0.6,0.2
0.6,0.2
0.6,0.2
0.6,0.2
0.6,0.2
0.6,0.2
0.6,0.2
0.6,0.2
0.6,0.2
0.6,0.2
0.6,0.2
0.6,0.2
0.6,0.2
0.6,0.2
0.6,0.2
0.6,0.2
0.6,0.2
0.6,0.2
0.6,0.2
0.6,0.2
0.6,0.2
0.6,0.2
0.6,0.2
0.6,0.2
0.6,0.2
0.6,0.2
0.6,0.2
0.6,0.2
0.6,0.2
0.6,0.2
0.6,0.2
0.6,0.2
0.6,0.2
0.6,0.2
0.6,0.2
0.6,0.2
0.6,0.2
0.6,0.2
0.6,0.2
0.6,0.2
0.6,0.2
0.6,0.2
0.6,0.2
0.6,0.2
0.6,0.2
0.6,0.2
0.6,0.2
0.6,0.2
0.6,0.2
0.6,0.2
0.6,0.2
0.6,0.2
0.6,0.2
0.6,0.2
0.6,0.2
0.6,0.2
0.6,0.2
0.6,0.2
0.6,0.2
0.6,0.2
0.6,0.2
0.6,0.2
0.6,0.2
0.6,0.2
0.6,0.2
0.6,0.2
0.6,0.2
0.6,0.2
0.6,0.2
0.6,0.2
0.6,0.2
0.6,0.2
0.6,0.2
0.6,0.2
0.6,0.2
0.6,0.2
0.6,0.2
0.6,0.2
0.6,0.2
0.6,0.2
0.6,0.2
0.6,0.2
0.6,0.2
0.6,0.2
0.6,0.2
0.6,0.2
0.6,0.2
0.6,0.2
0.6,0.2
0.6,0.2
0.6,0.2
0.6,0.2
0.6,0.2
0.6,0.2
0.6,0.2
0.6,0.2
0.6,0.2
0.6,0.2
0.6,0.2
0.6,0.2
0.6,0.2
0.6,0.2
0.6,0.2
0.6,0.2
0.6,0.2
0.6,0.2
0.6,0.2
0.6,0.2
0.6,0.2
0.6,0.2
0.6,0.2
0.6,0.2
0.6,0.2
0.6,0.2
0.6,0.2
0.6,0.2
0.6,0.2
0.6,0.2
0.6,0.2
0.6,0.2
0.6,0.2
0.6,0.2
0.6,0.2
0.6,0.2
0.6,0.2
0.6,0.2
0.6,0.2
0.6,0.2
0.6,0.2
0.6,0.2
0.6,0.2
0.6,0.2
0.6,0.2
0.6,0.2
0.6,0.2
0.6,0.2
0.6,0.2
0.6,0.2
0.6,0.2
0.6,0.2
0.6,0.2
0.6,0.2
0.6,0.2
0.6,0.2
0.6,0.2
0.6,0.2
0.6,0.2
0.6,0.2
0.6,0.2
0.6,0.2
0.6,0.2
0.6,0.2
0.6,0.2
0.6,0.2
0.6,0.2
0.6,0.2
0.6,0.2
0.6,0.2
0.6,0.2
0.6,0.2
0.6,0.2
0.6,0.2
0.6,0.2
0.6,0.2
0.6,0.2
0.6,0.2
0.6,0.2
0.6,0.2
0.6,0.2
0.6,0.2
0.6,0.2
0.6,0.2
0.6,0.2
0.6,0.2
0.6,0.2
0.6,0.2
0.6,0.2
0.6,0.2
0.6,0.2
0.6,0.2
0.6,0.2
0.6,0.2
0.6,0.2
0.6,0.2
0.6,0.2
0.6,0.2
0.6,0.2
0.6,0.2
0.6,0.2
0.6,0.2
0.6,0.2
0.6,0.2
0.6,0.2
0.6,0.2
0.6,0.2
0.6,0.2
0.6,0.2
0.6,0.2
0.6,0.2
0.6,0.2
0.6,0.2
0.6,0.2
0.6,0.2
0.6,0.2
0.6,0.2
0.6,0.2
0.6,0.2
0.6,0.2
0.6,0.2
0.6,0.2
0.6,0.2
0.6,0.2
0.6,0.2
0.6,0.2
0.6,0.2
0.6,0.2
0.6,0.2
0.6,0.2
0.6,0.2
0.6,0.2
0.6,0.2
0.6,0.2
0.6,0.2
0.6,0.2
0.6,0.2
0.6,0.2
0.6,0.2
0.6,0.2
0.6,0.2
0.6,0.2
0.6,0.2
0.6,0.2
0.6,0.2
0.6,0.2
0.6,0.2
0.6,0.2
0.6,0.2
0.6,0.2
0.6,0.2
0.6,0.2
0.6,0.2
0.6,0.2
0.6,0.2
0.6,0.2
0.6,0.2
0.6,0.2
0.6,0.2
0.6,0.2
0.6,0.2
0.6,0.2
0.6,0.2
0.6,0.2
0.6,0.2
0.6,0.2
0.6,0.2
0.6,0.2
0.6,0.2
0.6,0.2
0.6,0.2
0.6,0.2
0.6,0.2
0.6,0.2
0.6,0.2
0.6,0.2
0.6,0.2
0.6,0.2
0.6,0.2
0.6,0.2
0.6,0.2
0.6,0.2
0.6,0.2
0.6,0.2
0.6,0.2
0.6,0.2
0.6,0.2
0.6,0.2
0.6,0.2
0.6,0.2
0.6,0.2
0.6,0.2
0.6,0.2
0.6,0.2
0.6,0.2
0.6,0.2
0.6,0.2
0.6,0.2
0.6,0.2
0.6,0.2
0.6,0.2
0.6,0.2
0.6,0.2
0.6,0.2
0.6,0.2
0.6,0.2
0.6,0.2
0.6,0.2
0.6,0.2
0.6,0.2
0.6,0.2
0.6,0.2
0.6,0.2
0.6,0.2
0.6,0.2
0.6,0.2
0.6,0.2
0.6,0.2
0.6,0.2
0.6,0.2
0.6,0.2
0.6,0.2
0.6,0.2
0.6,0.2
0.6,0.2
0.6,0.2
0.6,0.2
0.6,0.2
0.6,0.2
0.6,0.2
0.6,0.2
0.6,0.2
0.6,0.2
0.6,0.2
0.6,0.2
0.6,0.2
0.6,0.2
0.6,0.2
0.6,0.2
0.6,0.2
0.6,0.2
0.6,0.2
0.6,0.2
0.6,0.2
0.6,0.2
0.6,0.2
0.6,0.2
0.6,0.2
0.6,0.2
0.6,0.2
0.6,0.2
0.6,0.2
0.6,0.2
0.6,0.2
0.6,0.2
0.6,0.2
0.6,0.2
0.6,0.2
0.6,0.2
0.6,0.2
0.6,0.2
0.6,0.2
0.6,0.2
0.6,0.2
0.6,0.2
0.6,0.2
0.6,0.2
0.6,0.2
0.6,0.2
0.6,0.2
0.6,0.2
0.6,0.2
0.6,0.2
0.6,0.2
0.6,0.2
0.6,0.2
0.6,0.2
0.6,0.2
0.6,0.2
0.6,0.2
0.6,0.2
0.6,0.2
0.6,0.2
0.6,0.2
0.6,0.2
0.6,0.2
0.6,0.2
0.6,0.2
0.6,0.2
0.6,0.2
0.6,0.2
0.6,0.2
0.6,0.2
0.6,0.2
0.6,0.2
0.6,0.2
0.6,0.2
0.6,0.2
0.6,0.2
0.6,0.2
0.6,0.2
0.6,0.2
0.6,0.2
0.6,0.2
0.6,0.2
0.5911,0.2089
0.5822,0.2178
0.5733,0.2267
0.5644,0.2356
0.5556,0.2444
0.5467,0.2533
0.5378,0.2622
0.5289,0.2711
0.52,0.28
0.5111,0.2889
0.5022,0.2978
0.4933,0.3067
0.4844,0.3156
0.4756,0.3244
0.4667,0.3333
0.4578,0.3422
0.4489,0.3511
0.44,0.36
0.4311,0.3689
0.4222,0.3778
0.4133,0.3867
0.4044,0.3956
0.3956,0.4044
0.3867,0.4133
0.3778,0.4222
0.3689,0.4311
0.36,0.44
0.3511,0.4489
0.3422,0.4578
0.3333,0.4667
0.3244,0.4756
0.3156,0.4844
0.3067,0.4933
0.2978,0.5022
0.2889,0.5111
0.28,0.52
0.2711,0.5289
0.2622,0.5378
0.2533,0.5467
0.2444,0.5556
0.2356,0.5644
0.2267,0.5733
0.2178,0.5822
0.2089,0.5911
0.2,0.6
0.2,0.6
0.2,0.6
0.2,0.6
0.2,0.6
0.2,0.6
0.2,0.6
0.2,0.6
0.2,0.6
0.2,0.6
0.2,0.6
0.2,0.6
0.2,0.6
0.2,0.6
0.2,0.6
0.2,0.6
0.2,0.6
0.2,0.6
0.2,0.6
0.2,0.6
0.2,0.6
0.2,0.6
0.2,0.6
0.2,0.6
0.2,0.6
0.2,0.6
0.2,0.6
0.2,0.6
0.2,0.6
0.2,0.6
0.2,0.6
0.2,0.6
0.2,0.6
0.2,0.6
0.2,0.6
0.2,0.6
0.2,0.6
0.2,0.6
0.2,0.6
0.2,0.6
0.2,0.6
0.2,0.6
0.2,0.6
0.2,0.6
0.2,0.6
0.2,0.6
0.2,0.6
0.2,0.6
0.2,0.6
0.2,0.6
0.2,0.6
0.2,0.6
0.2,0.6
0.2,0.6
0.2,0.6
0.2,0.6
0.2,0.6
0.2,0.6
0.2,0.6
0.2,0.6
0.2,0.6
0.2,0.6
0.2,0.6
0.2,0.6
0.2,0.6
0.2,0.6
0.2,0.6
0.2,0.6
0.2,0.6
0.2,0.6
0.2,0.6
0.2,0.6
0.2,0.6
0.2,0.6
0.2,0.6
0.2,0.6
0.2,0.6
0.2,0.6
0.2,0.6
0.2,0.6
0.2,0.6
0.2,0.6
0.2,0.6
0.2,0.6
0.2,0.6
0.2,0.6
0.2,0.6
0.2,0.6
0.2,0.6
0.2,0.6
0.2,0.6
0.2,0.6
0.2,0.6
0.2,0.6
0.2,0.6
0.2,0.6
0.2,0.6
0.2,0.6
0.2,0.6
0.2,0.6
0.2,0.6
0.2,0.6
0.2,0.6
0.2,0.6
0.2,0.6
0.2,0.6
0.2,0.6
0.2,0.6
0.2,0.6
0.2,0.6
0.2,0.6
0.2,0.6
0.2,0.6
0.2,0.6
0.2,0.6
0.2,0.6
0.2,0.6
0.2,0.6
0.2,0.6
0.2,0.6
0.2,0.6
0.2,0.6
0.2,0.6
0.2,0.6
0.2,0.6
0.2,0.6
0.2,0.6
0.2,0.6
0.2,0.6
0.2,0.6
0.2,0.6
0.2,0.6
0.2,0.6
0.2,0.6
0.2,0.6
0.2,0.6
0.2,0.6
0.2,0.6
0.2,0.6
0.2,0.6
0.2,0.6
0.2,0.6
0.2,0.6
0.2,0.6
0.2,0.6
0.2,0.6
0.2,0.6
0.2,0.6
0.2,0.6
0.2,0.6
0.2,0.6
0.2,0.6
0.2,0.6
0.2,0.6
0.2,0.6
0.2,0.6
0.2,0.6
0.2,0.6
0.2,0.6
0.2,0.6
0.2,0.6
0.2,0.6
0.2,0.6
0.2,0.6
0.2,0.6
0.2,0.6
0.2,0.6
0.2,0.6
0.2,0.6
0.2,0.6
0.2,0.6
0.2,0.6
0.2,0.6
0.2,0.6
0.2,0.6
0.2,0.6
0.2,0.6
0.2,0.6
0.2,0.6
0.2,0.6
0.2,0.6
0.2,0.6
0.2,0.6
0.2,0.6
0.2,0.6
0.2,0.6
0.2,0.6
0.2,0.6
0.2,0.6
0.2,0.6
0.2,0.6
0.2,0.6
0.2,0.6
0.2,0.6
0.2,0.6
0.2,0.6
0.2,0.6
0.2,0.6
0.2,0.6
0.2,0.6
0.2,0.6
0.2,0.6
0.2,0.6
0.2,0.6
0.2,0.6
0.2,0.6
0.2,0.6
0.2,0.6
0.2,0.6
0.2,0.6
0.2,0.6
0.2,0.6
0.2,0.6
0.2,0.6
0.2,0.6
0.2,0.6
0.2,0.6
0.2,0.6
0.2,0.6
0.2,0.6
0.2,0.6
0.2,0.6
0.2,0.6
0.2,0.6
0.2,0.6
0.2,0.6
0.2,0.6
0.2,0.6
0.2,0.6
0.2,0.6
0.2,0.6
0.2,0.6
0.2,0.6
0.2,0.6
0.2,0.6
0.2,0.6
0.2,0.6
0.2,0.6
0.2,0.6
0.2,0.6
0.2,0.6
0.2,0.6
0.2,0.6
0.2,0.6
0.2,0.6
0.2,0.6
0.2,0.6
0.2,0.6
0.2,0.6
0.2,0.6
0.2,0.6
0.2,0.6
0.2,0.6
0.2,0.6
0.2,0.6
0.2,0.6
0.2,0.6
0.2,0.6
0.2,0.6
0.2,0.6
0.2,0.6
0.2,0.6
0.2,0.6
0.2,0.6
0.2,0.6
0.2,0.6
0.2,0.6
0.2,0.6
0.2,0.6
0.2,0.6
0.2,0.6
0.2,0.6
0.2,0.6
0.2,0.6
0.2,0.6
0.2,0.6
0.2,0.6
0.2,0.6
0.2,0.6
0.2,0.6
0.2,0.6
0.2,0.6
0.2,0.6
0.2,0.6
0.2,0.6
0.2,0.6
0.2,0.6
0.2,0.6
0.2,0.6
0.2,0.6
0.2,0.6
0.2,0.6
0.2,0.6
0.2,0.6
0.2,0.6
0.2,0.6
0.2,0.6
0.2,0.6
0.2,0.6
0.2,0.6
0.2,0.6
0.2,0.6
0.2,0.6
0.2,0.6
0.2,0.6
0.2,0.6
0.2,0.6
0.2,0.6
0.2,0.6
0.2,0.6
0.2,0.6
0.2,0.6
0.2,0.6
0.2,0.6
0.2,0.6
0.2,0.6
0.2,0.6
0.2,0.6
0.2,0.6
0.2,0.6
0.2,0.6
0.2,0.6
0.2,0.6
0.2,0.6
0.2,0.6
0.2,0.6
0.2,0.6
0.2,0.6
0.2,0.6
0.2,0.6
0.2,0.6
0.2,0.6
0.2,0.6
0.2,0.6
0.2,0.6
0.2,0.6
0.2,0.6
0.2,0.6
0.2,0.6
0.2,0.6
0.2,0.6
0.2,0.6
0.2,0.6
0.2,0.6
0.2,0.6
0.2,0.6
0.2,0.6
0.2,0.6
0.2,0.6
0.2,0.6
0.2,0.6
0.2,0.6
0.2,0.6
0.2,0.6
0.2,0.6
0.2,0.6
0.2,0.6
0.2,0.6
0.2,0.6
0.2,0.6
0.2,0.6
0.2,0.6
0.2,0.6
0.2,0.6
0.2,0.6
0.2,0.6
0.2,0.6
0.2,0.6
0.2,0.6
0.2,0.6
0.2,0.6
0.2,0.6
0.2,0.6
0.2,0.6
0.2,0.6
0.2,0.6
0.2,0.6
0.2,0.6
0.2,0.6
0.2,0.6
0.2,0.6
0.2,0.6
0.2,0.6
0.2,0.6
0.2,0.6
0.2,0.6
0.2,0.6
0.2,0.6
0.2,0.6
0.2,0.6
0.2,0.6
0.2,0.6
0.2,0.6
0.2,0.6
0.2,0.6
0.2,0.6
0.2,0.6
0.2,0.6
0.2,0.6
0.2,0.6
0.2,0.6
0.2,0.6
0.2,0.6
0.2,0.6
0.2,0.6
0.2,0.6
0.1933,0.58
0.1867,0.56
0.18,0.54
0.1733,0.52
0.1667,0.5
0.16,0.48
0.1533,0.46
0.1467,0.44
0.14,0.42
0.1333,0.4
0.1267,0.38
0.12,0.36
0.1133,0.34
0.1067,0.32
0.1,0.3
0.0933,0.28
0.0867,0.26
0.08,0.24
0.0733,0.22
0.0667,0.2
0.06,0.18
0.0533,0.16
0.0467,0.14
0.04,0.12
0.0333,0.1
0.0267,0.08
0.02,0.06
0.0133,0.04
0.0,0.02
0.0,0.0
0.0,0.0
0.0,0.0
0.0,0.0
0.0,0.0
0.0,0.0
0.0,0.0
0.0,0.0
0.0,0.0
0.0,0.0
0.0,0.0
0.0,0.0
0.0,0.0
0.0,0.0
0.0,0.0
0.0,0.0
0.0,0.0
0.0,0.0
0.0,0.0
0.0,0.0
0.0,0.0
0.0,0.0
0.0,0.0
0.0,0.0
0.0,0.0
0.0,0.0
0.0,0.0
0.0,0.0
0.0,0.0
0.0,0.0
0.0,0.0
0.0,0.0
0.0,0.0
0.0,0.0
0.0,0.0
0.0,0.0
0.0,0.0
0.0,0.0
0.0,0.0
0.0,0.0
0.0,0.0
0.0,0.0
0.0,0.0
0.0,0.0
0.0,0.0
0.0,0.0
0.0,0.0
0.0,0.0
0.0,0.0
0.0,0.0
0.0,0.0
0.0,0.0
0.0,0.0
0.0,0.0
0.0,0.0
0.0,0.0
0.0,0.0
0.0,0.0
0.0,0.0
0.0,0.0
0.0,0.0
0.0,0.0
0.0,0.0
0.0,0.0
0.0,0.0
0.0,0.0
0.0,0.0
0.0,0.0
0.0,0.0
0.0,0.0
0.0,0.0
0.0,0.0
0.0,0.0
0.0,0.0
0.0,0.0
0.0,0.0
0.0,0.0
0.0,0.0
0.0,0.0
0.0,0.0
0.0,0.0
0.0,0.0
0.0,0.0
0.0,0.0
0.0,0.0
0.0,0.0
0.0,0.0
0.0,0.0
0.0,0.0
0.0,0.0
0.0,0.0
0.0222,0.0
0.0444,0.0
0.0667,0.0
0.0889,0.0111
0.1111,0.0139
0.1333,0.0167
0.1556,0.0194
0.1778,0.0222
0.2,0.025
0.2222,0.0278
0.2444,0.0306
0.2667,0.0333
0.2889,0.0361
0.3111,0.0389
0.3333,0.0417
0.3556,0.0444
0.3778,0.0472
0.4,0.05
0.4222,0.0528
0.4444,0.0556
0.4667,0.0583
0.4889,0.0611
0.5111,0.0639
0.5333,0.0667
0.5556,0.0694
0.5778,0.0722
0.6,0.075
0.6222,0.0778
0.6444,0.0806
0.6667,0.0833
0.6889,0.0861
0.7111,0.0889
0.7333,0.0917
0.7556,0.0944
0.7778,0.0972
0.8,0.1
0.8,0.1
0.8,0.1
0.8,0.1
0.8,0.1
0.8,0.1
0.8,0.1
0.8,0.1
0.8,0.1
0.8,0.1
0.8,0.1
0.8,0.1
0.8,0.1
0.8,0.1
0.8,0.1
0.8,0.1
0.8,0.1
0.8,0.1
0.8,0.1
0.8,0.1
0.8,0.1
0.8,0.1
0.8,0.1
0.8,0.1
0.8,0.1
0.8,0.1
0.8,0.1
0.8,0.1
0.8,0.1
0.8,0.1
0.8,0.1
0.8,0.1
0.8,0.1
0.8,0.1
0.8,0.1
0.8,0.1
0.8,0.1
0.8,0.1
0.8,0.1
0.8,0.1
0.8,0.1
0.8,0.1
0.8,0.1
0.8,0.1
0.8,0.1
0.8,0.1
0.8,0.1
0.8,0.1
0.8,0.1
0.8,0.1
0.8,0.1
0.8,0.1
0.8,0.1
0.8,0.1
0.8,0.1
0.8,0.1
0.8,0.1
0.8,0.1
0.8,0.1
0.8,0.1
0.8,0.1
0.8,0.1
0.8,0.1
0.8,0.1
0.8,0.1
0.8,0.1
0.8,0.1
0.8,0.1
0.8,0.1
0.8,0.1
0.8,0.1
0.8,0.1
0.8,0.1
0.8,0.1
0.8,0.1
0.8,0.1
0.8,0.1
0.8,0.1
0.8,0.1
0.8,0.1
0.8,0.1
0.8,0.1
0.8,0.1
0.8,0.1
0.8,0.1
0.8,0.1
0.8,0.1
0.8,0.1
0.8,0.1
0.8,0.1
0.8,0.1
0.8,0.1
0.8,0.1
0.8,0.1
0.8,0.1
0.8,0.1
0.8,0.1
0.8,0.1
0.8,0.1
0.8,0.1
0.8,0.1
0.8,0.1
0.8,0.1
0.8,0.1
0.8,0.1
0.8,0.1
0.8,0.1
0.8,0.1
0.8,0.1
0.8,0.1
0.8,0.1
0.8,0.1
0.8,0.1
0.8,0.1
0.8,0.1
0.8,0.1
0.8,0.1
0.8,0.1
0.8,0.1
0.8,0.1
0.8,0.1
0.8,0.1
0.8,0.1
0.8,0.1
0.8,0.1
0.8,0.1
0.8,0.1
0.8,0.1
0.8,0.1
0.8,0.1
0.8,0.1
0.8,0.1
0.8,0.1
0.8,0.1
0.8,0.1
0.8,0.1
0.8,0.1
0.8,0.1
0.8,0.1
0.8,0.1
0.8,0.1
0.8,0.1
0.8,0.1
0.8,0.1
0.8,0.1
0.8,0.1
0.8,0.1
0.8,0.1
0.8,0.1
0.8,0.1
0.8,0.1
0.8,0.1
0.8,0.1
0.8,0.1
0.8,0.1
0.8,0.1
0.8,0.1
0.8,0.1
0.8,0.1
0.8,0.1
0.8,0.1
0.8,0.1
0.8,0.1
0.8,0.1
0.8,0.1
0.8,0.1
0.8,0.1
0.8,0.1
0.8,0.1
0.8,0.1
0.8,0.1
0.8,0.1
0.8,0.1
0.8,0.1
0.8,0.1
0.8,0.1
0.8,0.1
0.8,0.1
0.8,0.1
0.8,0.1
0.8,0.1
0.8,0.1
0.8,0.1
0.8,0.1
0.8,0.1
0.8,0.1
0.8,0.1
0.8,0.1
0.8,0.1
0.8,0.1
0.8,0.1
0.8,0.1
0.8,0.1
0.8,0.1
0.8,0.1
0.8,0.1
0.8,0.1
0.8,0.1
0.8,0.1
0.8,0.1
0.8,0.1
0.8,0.1
0.8,0.1
0.8,0.1
0.8,0.1
0.8,0.1
0.8,0.1
0.8,0.1
0.8,0.1
0.8,0.1
0.8,0.1
0.8,0.1
0.8,0.1
0.8,0.1
0.8,0.1
0.8,0.1
0.8,0.1
0.8,0.1
0.8,0.1
0.8,0.1
0.8,0.1
0.8,0.1
0.8,0.1
0.8,0.1
0.8,0.1
0.8,0.1
0.8,0.1
0.8,0.1
0.8,0.1
0.8,0.1
0.8,0.1
0.8,0.1
0.8,0.1
0.8,0.1
0.8,0.1
0.8,0.1
0.8,0.1
0.8,0.1
0.8,0.1
0.8,0.1
0.8,0.1
0.8,0.1
0.8,0.1
0.8,0.1
0.8,0.1
0.8,0.1
0.8,0.1
0.8,0.1
0.8,0.1
0.8,0.1
0.8,0.1
0.8,0.1
0.8,0.1
0.8,0.1
0.8,0.1
0.8,0.1
0.8,0.1
0.8,0.1
0.8,0.1
0.8,0.1
0.8,0.1
0.8,0.1
0.8,0.1
0.8,0.1
0.8,0.1
0.8,0.1
0.8,0.1
0.8,0.1
0.8,0.1
0.8,0.1
0.8,0.1
0.8,0.1
0.8,0.1
0.8,0.1
0.8,0.1
0.8,0.1
0.8,0.1
0.8,0.1
0.8,0.1
0.8,0.1
0.8,0.1
0.8,0.1
0.8,0.1
0.8,0.1
0.8,0.1
0.8,0.1
0.8,0.1
0.8,0.1
0.8,0.1
0.8,0.1
0.8,0.1
0.8,0.1
0.8,0.1
0.8,0.1
0.8,0.1
0.8,0.1
0.8,0.1
0.8,0.1
0.8,0.1
0.8,0.1
0.8,0.1
0.8,0.1
0.8,0.1
0.8,0.1
0.8,0.1
0.8,0.1
0.8,0.1
0.8,0.1
0.8,0.1
0.8,0.1
0.8,0.1
0.8,0.1
0.8,0.1
0.8,0.1
0.8,0.1
0.8,0.1
0.8,0.1
0.8,0.1
0.8,0.1
0.8,0.1
0.8,0.1
0.8,0.1
0.8,0.1
0.8,0.1
0.8,0.1
0.7806,0.1194
0.7611,0.1389
0.7417,0.1583
0.7222,0.1778
0.7028,0.1972
0.6833,0.2167
0.6639,0.2361
0.6444,0.2556
0.625,0.275
0.6056,0.2944
0.5861,0.3139
0.5667,0.3333
0.5472,0.3528
0.5278,0.3722
0.5083,0.3917
0.4889,0.4111
0.4694,0.4306
0.45,0.45
0.4306,0.4694
0.4111,0.4889
0.3917,0.5083
0.3722,0.5278
0.3528,0.5472
0.3333,0.5667
0.3139,0.5861
0.2944,0.6056
0.275,0.625
0.2556,0.6444
0.2361,0.6639
0.2167,0.6833
0.1972,0.7028
0.1778,0.7222
0.1583,0.7417
0.1389,0.7611
0.1194,0.7806
0.1,0.8
0.1,0.8
0.1,0.8
0.1,0.8
0.1,0.8
0.1,0.8
0.1,0.8
0.1,0.8
0.1,0.8
0.1,0.8
0.1,0.8
0.1,0.8
0.1,0.8
0.1,0.8
0.1,0.8
0.1,0.8
0.1,0.8
0.1,0.8
0.1,0.8
0.1,0.8
0.1,0.8
0.1,0.8
0.1,0.8
0.1,0.8
0.1,0.8
0.1,0.8
0.1,0.8
0.1,0.8
0.1,0.8
0.1,0.8
0.1,0.8
0.1,0.8
0.1,0.8
0.1,0.8
0.1,0.8
0.1,0.8
0.1,0.8
0.1,0.8
0.1,0.8
0.1,0.8
0.1,0.8
0.1,0.8
0.1,0.8
0.1,0.8
0.1,0.8
0.1,0.8
0.1,0.8
0.1,0.8
0.1,0.8
0.1,0.8
0.1,0.8
0.1,0.8
0.1,0.8
0.1,0.8
0.1,0.8
0.1,0.8
0.1,0.8
0.1,0.8
0.1,0.8
0.1,0.8
0.1,0.8
0.1,0.8
0.1,0.8
0.1,0.8
0.1,0.8
0.1,0.8
0.1,0.8
0.1,0.8
0.1,0.8
0.1,0.8
0.1,0.8
0.1,0.8
0.1,0.8
0.1,0.8
0.1,0.8
0.1,0.8
0.1,0.8
0.1,0.8
0.1,0.8
0.1,0.8
0.1,0.8
0.1,0.8
0.1,0.8
0.1,0.8
0.1,0.8
0.1,0.8
0.1,0.8
0.1,0.8
0.1,0.8
0.1,0.8
0.1,0.8
0.1,0.8
0.1,0.8
0.1,0.8
0.1,0.8
0.1,0.8
0.1,0.8
0.1,0.8
0.1,0.8
0.1,0.8
0.1,0.8
0.1,0.8
0.1,0.8
0.1,0.8
0.1,0.8
0.1,0.8
0.1,0.8
0.1,0.8
0.1,0.8
0.1,0.8
0.1,0.8
0.1,0.8
0.1,0.8
0.1,0.8
0.1,0.8
0.1,0.8
0.1,0.8
0.1,0.8
0.1,0.8
0.1,0.8
0.1,0.8
0.1,0.8
0.1,0.8
0.1,0.8
0.1,0.8
0.1,0.8
0.1,0.8
0.1,0.8
0.1,0.8
0.1,0.8
0.1,0.8
0.1,0.8
0.1,0.8
0.1,0.8
0.1,0.8
0.1,0.8
0.1,0.8
0.1,0.8
0.1,0.8
0.1,0.8
0.1,0.8
0.1,0.8
0.1,0.8
0.1,0.8
0.1,0.8
0.1,0.8
0.1,0.8
0.1,0.8
0.1,0.8
0.1,0.8
0.1,0.8
0.1,0.8
0.1,0.8
0.1,0.8
0.1,0.8
0.1,0.8
0.1,0.8
0.1,0.8
0.1,0.8
0.1,0.8
0.1,0.8
0.1,0.8
0.1,0.8
0.1,0.8
0.1,0.8
0.1,0.8
0.1,0.8
0.1,0.8
0.1,0.8
0.1,0.8
0.1,0.8
0.1,0.8
0.1,0.8
0.1,0.8
0.1,0.8
0.1,0.8
0.1,0.8
0.1,0.8
0.1,0.8
0.1,0.8
0.1,0.8
0.1,0.8
0.1,0.8
0.1,0.8
0.1,0.8
0.1,0.8
0.1,0.8
0.1,0.8
0.1,0.8
0.1,0.8
0.1,0.8
0.1,0.8
0.1,0.8
0.1,0.8
0.1,0.8
0.1,0.8
0.1,0.8
0.1,0.8
0.1,0.8
0.1,0.8
0.1,0.8
0.1,0.8
0.1,0.8
0.1,0.8
0.1,0.8
0.1,0.8
0.1,0.8
0.1,0.8
0.1,0.8
0.1,0.8
0.1,0.8
0.1,0.8
0.1,0.8
0.1,0.8
0.1,0.8
0.1,0.8
0.1,0.8
0.1,0.8
0.1,0.8
0.1,0.8
0.1,0.8
0.1,0.8
0.1,0.8
0.1,0.8
0.1,0.8
0.1,0.8
0.1,0.8
0.1,0.8
0.1,0.8
0.1,0.8
0.1,0.8
0.1,0.8
0.1,0.8
0.1,0.8
0.1,0.8
0.1,0.8
0.1,0.8
0.1,0.8
0.1,0.8
0.1,0.8
0.1,0.8
0.1,0.8
0.1,0.8
0.1,0.8
0.1,0.8
0.1,0.8
0.1,0.8
0.1,0.8
0.1,0.8
0.1,0.8
0.1,0.8
0.1,0.8
0.1,0.8
0.1,0.8
0.1,0.8
0.1,0.8
0.1,0.8
0.1,0.8
0.1,0.8
0.1,0.8
0.1,0.8
0.1,0.8
0.1,0.8
0.1,0.8
0.1,0.8
0.1,0.8
0.1,0.8
0.1,0.8
0.1,0.8
0.1,0.8
0.1,0.8
0.1,0.8
0.1,0.8
0.1,0.8
0.1,0.8
0.1,0.8
0.1,0.8
0.1,0.8
0.1,0.8
0.1,0.8
0.1,0.8
0.1,0.8
0.1,0.8
0.1,0.8
0.1,0.8
0.1,0.8
0.1,0.8
0.1,0.8
0.1,0.8
0.1,0.8
0.1,0.8
0.1,0.8
0.1,0.8
0.1,0.8
0.1,0.8
0.1,0.8
0.1,0.8
0.1,0.8
0.1,0.8
0.1,0.8
0.1,0.8
0.1,0.8
0.1,0.8
0.1,0.8
0.1,0.8
0.1,0.8
0.1,0.8
0.1,0.8
0.1,0.8
0.1,0.8
0.1,0.8
0.1,0.8
0.1,0.8
0.1,0.8
0.1,0.8
0.1,0.8
0.1,0.8
0.1,0.8
0.1,0.8
0.1,0.8
0.1,0.8
0.1,0.8
0.1,0.8
0.1,0.8
0.1,0.8
0.1194,0.7806
0.1389,0.7611
0.1583,0.7417
0.1778,0.7222
0.1972,0.7028
0.2167,0.6833
0.2361,0.6639
0.2556,0.6444
0.275,0.625
0.2944,0.6056
0.3139,0.5861
0.3333,0.5667
0.3528,0.5472
0.3722,0.5278
0.3917,0.5083
0.4111,0.4889
0.4306,0.4694
0.45,0.45
0.4694,0.4306
0.4889,0.4111
0.5083,0.3917
0.5278,0.3722
0.5472,0.3528
0.5667,0.3333
0.5861,0.3139
0.6056,0.2944
0.625,0.275
0.6444,0.2556
0.6639,0.2361
0.6833,0.2167
0.7028,0.1972
0.7222,0.1778
0.7417,0.1583
0.7611,0.1389
0.7806,0.1194
0.8,0.1
0.8,0.1
0.8,0.1
0.8,0.1
0.8,0.1
0.8,0.1
0.8,0.1
0.8,0.1
0.8,0.1
0.8,0.1
0.8,0.1
0.8,0.1
0.8,0.1
0.8,0.1
0.8,0.1
0.8,0.1
0.8,0.1
0.8,0.1
0.8,0.1
0.8,0.1
0.8,0.1
0.8,0.1
0.8,0.1
0.8,0.1
0.8,0.1
0.8,0.1
0.8,0.1
0.8,0.1
0.8,0.1
0.8,0.1
0.8,0.1
0.8,0.1
0.8,0.1
0.8,0.1
0.8,0.1
0.8,0.1
0.8,0.1
0.8,0.1
0.8,0.1
0.8,0.1
0.8,0.1
0.8,0.1
0.8,0.1
0.8,0.1
0.8,0.1
0.8,0.1
0.8,0.1
0.8,0.1
0.8,0.1
0.8,0.1
0.8,0.1
0.8,0.1
0.8,0.1
0.8,0.1
0.8,0.1
0.8,0.1
0.8,0.1
0.8,0.1
0.8,0.1
0.8,0.1
0.8,0.1
0.8,0.1
0.8,0.1
0.8,0.1
0.8,0.1
0.8,0.1
0.8,0.1
0.8,0.1
0.8,0.1
0.8,0.1
0.8,0.1
0.8,0.1
0.8,0.1
0.8,0.1
0.8,0.1
0.8,0.1
0.8,0.1
0.8,0.1
0.8,0.1
0.8,0.1
0.8,0.1
0.8,0.1
0.8,0.1
0.8,0.1
0.8,0.1
0.8,0.1
0.8,0.1
0.8,0.1
0.8,0.1
0.8,0.1
0.8,0.1
0.8,0.1
0.8,0.1
0.8,0.1
0.8,0.1
0.8,0.1
0.8,0.1
0.8,0.1
0.8,0.1
0.8,0.1
0.8,0.1
0.8,0.1
0.8,0.1
0.8,0.1
0.8,0.1
0.8,0.1
0.8,0.1
0.8,0.1
0.8,0.1
0.8,0.1
0.8,0.1
0.8,0.1
0.8,0.1
0.8,0.1
0.8,0.1
0.8,0.1
0.8,0.1
0.8,0.1
0.8,0.1
0.8,0.1
0.8,0.1
0.8,0.1
0.8,0.1
0.8,0.1
0.8,0.1
0.8,0.1
0.8,0.1
0.8,0.1
0.8,0.1
0.8,0.1
0.8,0.1
0.8,0.1
0.8,0.1
0.8,0.1
0.8,0.1
0.8,0.1
0.8,0.1
0.8,0.1
0.8,0.1
0.8,0.1
0.8,0.1
0.8,0.1
0.8,0.1
0.8,0.1
0.8,0.1
0.8,0.1
0.8,0.1
0.8,0.1
0.8,0.1
0.8,0.1
0.8,0.1
0.8,0.1
0.8,0.1
0.8,0.1
0.8,0.1
0.8,0.1
0.8,0.1
0.8,0.1
0.8,0.1
0.8,0.1
0.8,0.1
0.8,0.1
0.8,0.1
0.8,0.1
0.8,0.1
0.8,0.1
0.8,0.1
0.8,0.1
0.8,0.1
0.8,0.1
0.8,0.1
0.8,0.1
0.8,0.1
0.8,0.1
0.8,0.1
0.8,0.1
0.8,0.1
0.8,0.1
0.8,0.1
0.8,0.1
0.8,0.1
0.8,0.1
0.8,0.1
0.8,0.1
0.8,0.1
0.8,0.1
0.8,0.1
0.8,0.1
0.8,0.1
0.8,0.1
0.8,0.1
0.8,0.1
0.8,0.1
0.8,0.1
0.8,0.1
0.8,0.1
0.8,0.1
0.8,0.1
0.8,0.1
0.8,0.1
0.8,0.1
0.8,0.1
0.8,0.1
0.8,0.1
0.8,0.1
0.8,0.1
0.8,0.1
0.8,0.1
0.8,0.1
0.8,0.1
0.8,0.1
0.8,0.1
0.8,0.1
0.8,0.1
0.8,0.1
0.8,0.1
0.8,0.1
0.8,0.1
0.8,0.1
0.8,0.1
0.8,0.1
0.8,0.1
0.8,0.1
0.8,0.1
0.8,0.1
0.8,0.1
0.8,0.1
0.8,0.1
0.8,0.1
0.8,0.1
0.8,0.1
0.8,0.1
0.8,0.1
0.8,0.1
0.8,0.1
0.8,0.1
0.8,0.1
0.8,0.1
0.8,0.1
0.8,0.1
0.8,0.1
0.8,0.1
0.8,0.1
0.8,0.1
0.8,0.1
0.8,0.1
0.8,0.1
0.8,0.1
0.8,0.1
0.8,0.1
0.8,0.1
0.8,0.1
0.8,0.1
0.8,0.1
0.8,0.1
0.8,0.1
0.8,0.1
0.8,0.1
0.8,0.1
0.8,0.1
0.8,0.1
0.8,0.1
0.8,0.1
0.8,0.1
0.8,0.1
0.8,0.1
0.8,0.1
0.8,0.1
0.8,0.1
0.8,0.1
0.8,0.1
0.8,0.1
0.8,0.1
0.8,0.1
0.8,0.1
0.8,0.1
0.8,0.1
0.8,0.1
0.8,0.1
0.8,0.1
0.8,0.1
0.8,0.1
0.8,0.1
0.8,0.1
0.8,0.1
0.8,0.1
0.8,0.1
0.8,0.1
0.8,0.1
0.8,0.1
0.8,0.1
0.8,0.1
0.8,0.1
0.8,0.1
0.8,0.1
0.8,0.1
0.8,0.1
0.8,0.1
0.8,0.1
0.8,0.1
0.8,0.1
0.8,0.1
0.8,0.1
0.8,0.1
0.8,0.1
0.8,0.1
0.8,0.1
0.8,0.1
0.8,0.1
0.8,0.1
0.8,0.1
0.8,0.1
0.8,0.1
0.8,0.1
0.8,0.1
0.8,0.1
0.8,0.1
0.8,0.1
0.8,0.1
0.8,0.1
0.8,0.1
0.8,0.1
0.8,0.1
0.8,0.1
0.8,0.1
0.7806,0.1194
0.7611,0.1389
0.7417,0.1583
0.7222,0.1778
0.7028,0.1972
0.6833,0.2167
0.6639,0.2361
0.6444,0.2556
0.625,0.275
0.6056,0.2944
0.5861,0.3139
0.5667,0.3333
0.5472,0.3528
0.5278,0.3722
0.5083,0.3917
0.4889,0.4111
0.4694,0.4306
0.45,0.45
0.4306,0.4694
0.4111,0.4889
0.3917,0.5083
0.3722,0.5278
0.3528,0.5472
0.3333,0.5667
0.3139,0.5861
0.2944,0.6056
0.275,0.625
0.2556,0.6444
0.2361,0.6639
0.2167,0.6833
0.1972,0.7028
0.1778,0.7222
0.1583,0.7417
0.1389,0.7611
0.1194,0.7806
0.1,0.8
0.1,0.8
0.1,0.8
0.1,0.8
0.1,0.8
0.1,0.8
0.1,0.8
0.1,0.8
0.1,0.8
0.1,0.8
0.1,0.8
0.1,0.8
0.1,0.8
0.1,0.8
0.1,0.8
0.1,0.8
0.1,0.8
0.1,0.8
0.1,0.8
0.1,0.8
0.1,0.8
0.1,0.8
0.1,0.8
0.1,0.8
0.1,0.8
0.1,0.8
0.1,0.8
0.1,0.8
0.1,0.8
0.1,0.8
0.1,0.8
0.1,0.8
0.1,0.8
0.1,0.8
0.1,0.8
0.1,0.8
0.1,0.8
0.1,0.8
0.1,0.8
0.1,0.8
0.1,0.8
0.1,0.8
0.1,0.8
0.1,0.8
0.1,0.8
0.1,0.8
0.1,0.8
0.1,0.8
0.1,0.8
0.1,0.8
0.1,0.8
0.1,0.8
0.1,0.8
0.1,0.8
0.1,0.8
0.1,0.8
0.1,0.8
0.1,0.8
0.1,0.8
0.1,0.8
0.1,0.8
0.1,0.8
0.1,0.8
0.1,0.8
0.1,0.8
0.1,0.8
0.1,0.8
0.1,0.8
0.1,0.8
0.1,0.8
0.1,0.8
0.1,0.8
0.1,0.8
0.1,0.8
0.1,0.8
0.1,0.8
0.1,0.8
0.1,0.8
0.1,0.8
0.1,0.8
0.1,0.8
0.1,0.8
0.1,0.8
0.1,0.8
0.1,0.8
0.1,0.8
0.1,0.8
0.1,0.8
0.1,0.8
0.1,0.8
0.1,0.8
0.1,0.8
0.1,0.8
0.1,0.8
0.1,0.8
0.1,0.8
0.1,0.8
0.1,0.8
0.1,0.8
0.1,0.8
0.1,0.8
0.1,0.8
0.1,0.8
0.1,0.8
0.1,0.8
0.1,0.8
0.1,0.8
0.1,0.8
0.1,0.8
0.1,0.8
0.1,0.8
0.1,0.8
0.1,0.8
0.1,0.8
0.1,0.8
0.1,0.8
0.1,0.8
0.1,0.8
0.1,0.8
0.1,0.8
0.1,0.8
0.1,0.8
0.1,0.8
0.1,0.8
0.1,0.8
0.1,0.8
0.1,0.8
0.1,0.8
0.1,0.8
0.1,0.8
0.1,0.8
0.1,0.8
0.1,0.8
0.1,0.8
0.1,0.8
0.1,0.8
0.1,0.8
0.1,0.8
0.1,0.8
0.1,0.8
0.1,0.8
0.1,0.8
0.1,0.8
0.1,0.8
0.1,0.8
0.1,0.8
0.1,0.8
0.1,0.8
0.1,0.8
0.1,0.8
0.1,0.8
0.1,0.8
0.1,0.8
0.1,0.8
0.1,0.8
0.1,0.8
0.1,0.8
0.1,0.8
0.1,0.8
0.1,0.8
0.1,0.8
0.1,0.8
0.1,0.8
0.1,0.8
0.1,0.8
0.1,0.8
0.1,0.8
0.1,0.8
0.1,0.8
0.1,0.8
0.1,0.8
0.1,0.8
0.1,0.8
0.1,0.8
0.1,0.8
0.1,0.8
0.1,0.8
0.1,0.8
0.1,0.8
0.1,0.8
0.1,0.8
0.1,0.8
0.1,0.8
0.1,0.8
0.1,0.8
0.1,0.8
0.1,0.8
0.1,0.8
0.1,0.8
0.1,0.8
0.1,0.8
0.1,0.8
0.1,0.8
0.1,0.8
0.1,0.8
0.1,0.8
0.1,0.8
0.1,0.8
0.1,0.8
0.1,0.8
0.1,0.8
0.1,0.8
0.1,0.8
0.1,0.8
0.1,0.8
0.1,0.8
0.1,0.8
0.1,0.8
0.1,0.8
0.1,0.8
0.1,0.8
0.1,0.8
0.1,0.8
0.1,0.8
0.1,0.8
0.1,0.8
0.1,0.8
0.1,0.8
0.1,0.8
0.1,0.8
0.1,0.8
0.1,0.8
0.1,0.8
0.1,0.8
0.1,0.8
0.1,0.8
0.1,0.8
0.1,0.8
0.1,0.8
0.1,0.8
0.1,0.8
0.1,0.8
0.1,0.8
0.1,0.8
0.1,0.8
0.1,0.8
0.1,0.8
0.1,0.8
0.1,0.8
0.1,0.8
0.1,0.8
0.1,0.8
0.1,0.8
0.1,0.8
0.1,0.8
0.1,0.8
0.1,0.8
0.1,0.8
0.1,0.8
0.1,0.8
0.1,0.8
0.1,0.8
0.1,0.8
0.1,0.8
0.1,0.8
0.1,0.8
0.1,0.8
0.1,0.8
0.1,0.8
0.1,0.8
0.1,0.8
0.1,0.8
0.1,0.8
0.1,0.8
0.1,0.8
0.1,0.8
0.1,0.8
0.1,0.8
0.1,0.8
0.1,0.8
0.1,0.8
0.1,0.8
0.1,0.8
0.1,0.8
0.1,0.8
0.1,0.8
0.1,0.8
0.1,0.8
0.1,0.8
0.1,0.8
0.1,0.8
0.1,0.8
0.1,0.8
0.1,0.8
0.1,0.8
0.1,0.8
0.1,0.8
0.1,0.8
0.1,0.8
0.1,0.8
0.1,0.8
0.1,0.8
0.1,0.8
0.1,0.8
0.1,0.8
0.1,0.8
0.1,0.8
0.1,0.8
0.1,0.8
0.1,0.8
0.1,0.8
0.1,0.8
0.1,0.8
0.1,0.8
0.1,0.8
0.1,0.8
0.1,0.8
0.1,0.8
0.1,0.8
0.1,0.8
0.1,0.8
0.1,0.8
0.1,0.8
0.1,0.8
0.1,0.8
0.1,0.8
0.1,0.8
0.1,0.8
0.1,0.8
0.1,0.8
0.1,0.8
0.1,0.8
0.1,0.8
0.1,0.8
0.1,0.8
0.1194,0.7806
0.1389,0.7611
0.1583,0.7417
0.1778,0.7222
0.1972,0.7028
0.2167,0.6833
0.2361,0.6639
0.2556,0.6444
0.275,0.625
0.2944,0.6056
0.3139,0.5861
0.3333,0.5667
0.3528,0.5472
0.3722,0.5278
0.3917,0.5083
0.4111,0.4889
0.4306,0.4694
0.45,0.45
0.4694,0.4306
0.4889,0.4111
0.5083,0.3917
0.5278,0.3722
0.5472,0.3528
0.5667,0.3333
0.5861,0.3139
0.6056,0.2944
0.625,0.275
0.6444,0.2556
0.6639,0.2361
0.6833,0.2167
0.7028,0.1972
0.7222,0.1778
0.7417,0.1583
0.7611,0.1389
0.7806,0.1194
0.8,0.1
0.8,0.1
0.8,0.1
0.8,0.1
0.8,0.1
0.8,0.1
0.8,0.1
0.8,0.1
0.8,0.1
0.8,0.1
0.8,0.1
0.8,0.1
0.8,0.1
0.8,0.1
0.8,0.1
0.8,0.1
0.8,0.1
0.8,0.1
0.8,0.1
0.8,0.1
0.8,0.1
0.8,0.1
0.8,0.1
0.8,0.1
0.8,0.1
0.8,0.1
0.8,0.1
0.8,0.1
0.8,0.1
0.8,0.1
0.8,0.1
0.8,0.1
0.8,0.1
0.8,0.1
0.8,0.1
0.8,0.1
0.8,0.1
0.8,0.1
0.8,0.1
0.8,0.1
0.8,0.1
0.8,0.1
0.8,0.1
0.8,0.1
0.8,0.1
0.8,0.1
0.8,0.1
0.8,0.1
0.8,0.1
0.8,0.1
0.8,0.1
0.8,0.1
0.8,0.1
0.8,0.1
0.8,0.1
0.8,0.1
0.8,0.1
0.8,0.1
0.8,0.1
0.8,0.1
0.8,0.1
0.8,0.1
0.8,0.1
0.8,0.1
0.8,0.1
0.8,0.1
0.8,0.1
0.8,0.1
0.8,0.1
0.8,0.1
0.8,0.1
0.8,0.1
0.8,0.1
0.8,0.1
0.8,0.1
0.8,0.1
0.8,0.1
0.8,0.1
0.8,0.1
0.8,0.1
0.8,0.1
0.8,0.1
0.8,0.1
0.8,0.1
0.8,0.1
0.8,0.1
0.8,0.1
0.8,0.1
0.8,0.1
0.8,0.1
0.8,0.1
0.8,0.1
0.8,0.1
0.8,0.1
0.8,0.1
0.8,0.1
0.8,0.1
0.8,0.1
0.8,0.1
0.8,0.1
0.8,0.1
0.8,0.1
0.8,0.1
0.8,0.1
0.8,0.1
0.8,0.1
0.8,0.1
0.8,0.1
0.8,0.1
0.8,0.1
0.8,0.1
0.8,0.1
0.8,0.1
0.8,0.1
0.8,0.1
0.8,0.1
0.8,0.1
0.8,0.1
0.8,0.1
0.8,0.1
0.8,0.1
0.8,0.1
0.8,0.1
0.8,0.1
0.8,0.1
0.8,0.1
0.8,0.1
0.8,0.1
0.8,0.1
0.8,0.1
0.8,0.1
0.8,0.1
0.8,0.1
0.8,0.1
0.8,0.1
0.8,0.1
0.8,0.1
0.8,0.1
0.8,0.1
0.8,0.1
0.8,0.1
0.8,0.1
0.8,0.1
0.8,0.1
0.8,0.1
0.8,0.1
0.8,0.1
0.8,0.1
0.8,0.1
0.8,0.1
0.8,0.1
0.8,0.1
0.8,0.1
0.8,0.1
0.8,0.1
0.8,0.1
0.8,0.1
0.8,0.1
0.8,0.1
0.8,0.1
0.8,0.1
0.8,0.1
0.8,0.1
0.8,0.1
0.8,0.1
0.8,0.1
0.8,0.1
0.8,0.1
0.8,0.1
0.8,0.1
0.8,0.1
0.8,0.1
0.8,0.1
0.8,0.1
0.8,0.1
0.8,0.1
0.8,0.1
0.8,0.1
0.8,0.1
0.8,0.1
0.8,0.1
0.8,0.1
0.8,0.1
0.8,0.1
0.8,0.1
0.8,0.1
0.8,0.1
0.8,0.1
0.8,0.1
0.8,0.1
0.8,0.1
0.8,0.1
0.8,0.1
0.8,0.1
0.8,0.1
0.8,0.1
0.8,0.1
0.8,0.1
0.8,0.1
0.8,0.1
0.8,0.1
0.8,0.1
0.8,0.1
0.8,0.1
0.8,0.1
0.8,0.1
0.8,0.1
0.8,0.1
0.8,0.1
0.8,0.1
0.8,0.1
0.8,0.1
0.8,0.1
0.8,0.1
0.8,0.1
0.8,0.1
0.8,0.1
0.8,0.1
0.8,0.1
0.8,0.1
0.8,0.1
0.8,0.1
0.8,0.1
0.8,0.1
0.8,0.1
0.8,0.1
0.8,0.1
0.8,0.1
0.8,0.1
0.8,0.1
0.8,0.1
0.8,0.1
0.8,0.1
0.8,0.1
0.8,0.1
0.8,0.1
0.8,0.1
0.8,0.1
0.8,0.1
0.8,0.1
0.8,0.1
0.8,0.1
0.8,0.1
0.8,0.1
0.8,0.1
0.8,0.1
0.8,0.1
0.8,0.1
0.8,0.1
0.8,0.1
0.8,0.1
0.8,0.1
0.8,0.1
0.8,0.1
0.8,0.1
0.8,0.1
0.8,0.1
0.8,0.1
0.8,0.1
0.8,0.1
0.8,0.1
0.8,0.1
0.8,0.1
0.8,0.1
0.8,0.1
0.8,0.1
0.8,0.1
0.8,0.1
0.8,0.1
0.8,0.1
0.8,0.1
0.8,0.1
0.8,0.1
0.8,0.1
0.8,0.1
0.8,0.1
0.8,0.1
0.8,0.1
0.8,0.1
0.8,0.1
0.8,0.1
0.8,0.1
0.8,0.1
0.8,0.1
0.8,0.1
0.8,0.1
0.8,0.1
0.8,0.1
0.8,0.1
0.8,0.1
0.8,0.1
0.8,0.1
0.8,0.1
0.8,0.1
0.8,0.1
0.8,0.1
0.8,0.1
0.8,0.1
0.8,0.1
0.8,0.1
0.8,0.1
0.8,0.1
0.8,0.1
0.8,0.1
0.8,0.1
0.8,0.1
0.8,0.1
0.8,0.1
0.8,0.1
0.8,0.1
0.8,0.1
0.8,0.1
0.8,0.1
0.8,0.1
0.8,0.1
0.8,0.1
0.8,0.1
0.8,0.1
0.8,0.1
0.8,0.1
0.8,0.1
0.8,0.1
0.8,0.1
0.8,0.1
0.0,0.0
0.0,0.0
0.0,0.0
0.0,0.0
0.0,0.0
0.0,0.0
0.0,0.0
0.0,0.0
0.0,0.0
0.0,0.0
0.0,0.0
0.0,0.0
0.0,0.0
0.0,0.0
0.0,0.0
0.0,0.0
0.0,0.0
0.0,0.0
0.0,0.0
0.0,0.0
0.0,0.0
0.0,0.0
0.0,0.0
0.0,0.0
0.0,0.0
0.0,0.0
0.0,0.0
0.0,0.0
0.0,0.0
0.0,0.0
0.0,0.0
0.0,0.0
0.0,0.0
0.0,0.0
0.0,0.0
0.0,0.0
0.0,0.0
0.0,0.0
0.0,0.0
0.0,0.0
0.0,0.0
0.0,0.0
0.0,0.0
0.0,0.0
0.0,0.0
0.0,0.0
0.0,0.0
0.0,0.0
0.0,0.0
0.0,0.0
0.0,0.0
0.0,0.0
0.0,0.0
0.0,0.0
0.0,0.0
0.0,0.0
0.0,0.0
0.0,0.0
0.0,0.0
0.0,0.0
0.0,0.0
0.0,0.0
0.0,0.0
0.0,0.0
0.0,0.0
0.0,0.0
0.0,0.0
0.0,0.0
0.0,0.0
0.0,0.0
0.0,0.0
0.0,0.0
0.0,0.0
0.0,0.0
0.0,0.0
0.0,0.0
0.0,0.0
0.0,0.0
0.0,0.0
0.0,0.0
0.0,0.0
0.0,0.0
0.0,0.0
0.0,0.0
0.0,0.0
0.0,0.0
0.0,0.0
0.0,0.0
0.0,0.0
0.0,0.0
0.0,0.0
0.0,0.0
0.0,0.0
0.0,0.0
0.0,0.0
0.0,0.0
0.0,0.0
0.0,0.0
0.0,0.0
0.0,0.0
0.0,0.0
0.0,0.0
0.0,0.0
0.0,0.0
0.0,0.0
0.0,0.0
0.0,0.0
0.0,0.0
0.0,0.0
0.0,0.0
0.0,0.0
0.0,0.0
0.0,0.0
0.0,0.0
0.0,0.0
0.0,0.0
0.0,0.0
0.0,0.0
0.0,0.0
0.0,0.0
0.0,0.0
0.0,0.0
0.0147,0.0
0.022,0.0
0.0293,0.0133
0.0367,0.0167
0.044,0.02
0.0513,0.0233
0.0587,0.0267
0.066,0.03
0.0733,0.0333
0.0807,0.0367
0.088,0.04
0.0953,0.0433
0.1027,0.0467
0.11,0.05
0.1173,0.0533
0.1247,0.0567
0.132,0.06
0.1393,0.0633
0.1467,0.0667
0.154,0.07
0.1613,0.0733
0.1687,0.0767
0.176,0.08
0.1833,0.0833
0.1907,0.0867
0.198,0.09
0.2053,0.0933
0.2127,0.0967
0.22,0.1
0.2273,0.1033
0.2347,0.1067
0.242,0.11
0.2493,0.1133
0.2567,0.1167
0.264,0.12
0.2713,0.1233
0.2787,0.1267
0.286,0.13
0.2933,0.1333
0.3007,0.1367
0.308,0.14
0.3153,0.1433
0.3227,0.1467
0.33,0.15
0.3373,0.1533
0.3447,0.1567
0.352,0.16
0.3593,0.1633
0.3667,0.1667
0.374,0.17
0.3813,0.1733
0.3887,0.1767
0.396,0.18
0.4033,0.1833
0.4107,0.1867
0.418,0.19
0.4253,0.1933
0.4327,0.1967
0.44,0.2
0.4473,0.2033
0.4547,0.2067
0.462,0.21
0.4693,0.2133
0.4767,0.2167
0.484,0.22
0.4913,0.2233
0.4987,0.2267
0.506,0.23
0.5133,0.2333
0.5207,0.2367
0.528,0.24
0.5353,0.2433
0.5427,0.2467
0.55,0.25
0.55,0.25
0.55,0.25
0.55,0.25
0.55,0.25
0.55,0.25
0.55,0.25
0.55,0.25
0.55,0.25
0.55,0.25
0.55,0.25
0.55,0.25
0.55,0.25
0.55,0.25
0.55,0.25
0.55,0.25
0.55,0.25
0.55,0.25
0.55,0.25
0.55,0.25
0.55,0.25
0.55,0.25
0.55,0.25
0.55,0.25
0.55,0.25
0.55,0.25
0.55,0.25
0.55,0.25
0.55,0.25
0.55,0.25
0.55,0.25
0.55,0.25
0.55,0.25
0.55,0.25
0.55,0.25
0.55,0.25
0.55,0.25
0.55,0.25
0.55,0.25
0.55,0.25
0.55,0.25
0.55,0.25
0.55,0.25
0.55,0.25
0.55,0.25
0.55,0.25
0.55,0.25
0.55,0.25
0.55,0.25
0.55,0.25
0.55,0.25
0.55,0.25
0.55,0.25
0.55,0.25
0.55,0.25
0.55,0.25
0.55,0.25
0.55,0.25
0.55,0.25
0.55,0.25
0.55,0.25
0.55,0.25
0.55,0.25
0.55,0.25
0.55,0.25
0.55,0.25
0.55,0.25
0.55,0.25
0.55,0.25
0.55,0.25
0.55,0.25
0.55,0.25
0.55,0.25
0.55,0.25
0.55,0.25
0.55,0.25
0.55,0.25
0.55,0.25
0.55,0.25
0.55,0.25
0.55,0.25
0.55,0.25
0.55,0.25
0.55,0.25
0.55,0.25
0.55,0.25
0.55,0.25
0.55,0.25
0.55,0.25
0.55,0.25
0.55,0.25
0.55,0.25
0.55,0.25
0.55,0.25
0.55,0.25
0.55,0.25
0.55,0.25
0.55,0.25
0.55,0.25
0.55,0.25
0.55,0.25
0.55,0.25
0.55,0.25
0.55,0.25
0.55,0.25
0.55,0.25
0.55,0.25
0.55,0.25
0.55,0.25
0.55,0.25
0.55,0.25
0.55,0.25
0.55,0.25
0.55,0.25
0.55,0.25
0.55,0.25
0.55,0.25
0.55,0.25
0.55,0.25
0.55,0.25
0.55,0.25
0.55,0.25
0.55,0.25
0.55,0.25
0.55,0.25
0.55,0.25
0.55,0.25
0.55,0.25
0.55,0.25
0.55,0.25
0.55,0.25
0.55,0.25
0.55,0.25
0.55,0.25
0.55,0.25
0.55,0.25
0.55,0.25
0.55,0.25
0.55,0.25
0.55,0.25
0.55,0.25
0.55,0.25
0.55,0.25
0.55,0.25
0.55,0.25
0.55,0.25
0.55,0.25
0.55,0.25
0.55,0.25
0.55,0.25
0.55,0.25
0.55,0.25
0.55,0.25
0.55,0.25
0.55,0.25
0.55,0.25
0.55,0.25
0.55,0.25
0.55,0.25
0.55,0.25
0.55,0.25
0.55,0.25
0.55,0.25
0.55,0.25
0.55,0.25
0.55,0.25
0.55,0.25
0.55,0.25
0.55,0.25
0.55,0.25
0.55,0.25
0.55,0.25
0.55,0.25
0.55,0.25
0.55,0.25
0.55,0.25
0.55,0.25
0.55,0.25
0.55,0.25
0.55,0.25
0.55,0.25
0.55,0.25
0.55,0.25
0.55,0.25
0.55,0.25
0.55,0.25
0.55,0.25
0.55,0.25
0.55,0.25
0.55,0.25
0.55,0.25
0.55,0.25
0.55,0.25
0.55,0.25
0.55,0.25
0.55,0.25
0.55,0.25
0.55,0.25
0.55,0.25
0.55,0.25
0.55,0.25
0.55,0.25
0.55,0.25
0.55,0.25
0.55,0.25
0.55,0.25
0.55,0.25
0.55,0.25
0.55,0.25
0.55,0.25
0.55,0.25
0.55,0.25
0.55,0.25
0.55,0.25
0.55,0.25
0.55,0.25
0.55,0.25
0.55,0.25
0.55,0.25
0.55,0.25
0.55,0.25
0.55,0.25
0.55,0.25
0.55,0.25
0.55,0.25
0.55,0.25
0.55,0.25
0.55,0.25
0.55,0.25
0.55,0.25
0.55,0.25
0.55,0.25
0.55,0.25
0.55,0.25
0.55,0.25
0.55,0.25
0.55,0.25
0.55,0.25
0.55,0.25
0.55,0.25
0.55,0.25
0.55,0.25
0.55,0.25
0.55,0.25
0.55,0.25
0.55,0.25
0.55,0.25
0.55,0.25
0.55,0.25
0.55,0.25
0.55,0.25
0.55,0.25
0.55,0.25
0.55,0.25
0.55,0.25
0.55,0.25
0.55,0.25
0.55,0.25
0.55,0.25
0.55,0.25
0.55,0.25
0.55,0.25
0.55,0.25
0.55,0.25
0.55,0.25
0.55,0.25
0.55,0.25
0.55,0.25
0.55,0.25
0.55,0.25
0.55,0.25
0.55,0.25
0.55,0.25
0.55,0.25
0.55,0.25
0.55,0.25
0.55,0.25
0.55,0.25
0.55,0.25
0.55,0.25
0.55,0.25
0.55,0.25
0.55,0.25
0.55,0.25
0.55,0.25
0.55,0.25
0.55,0.25
0.55,0.25
0.55,0.25
0.55,0.25
0.55,0.25
0.55,0.25
0.55,0.25
0.55,0.25
0.55,0.25
0.55,0.25
0.55,0.25
0.55,0.25
0.55,0.25
0.55,0.25
0.55,0.25
0.55,0.25
0.55,0.25
0.55,0.25
0.55,0.25
0.55,0.25
0.55,0.25
0.55,0.25
0.55,0.25
0.55,0.25
0.55,0.25
0.55,0.25
0.55,0.25
0.55,0.25
0.55,0.25
0.55,0.25
0.55,0.25
0.55,0.25
0.55,0.25
0.55,0.25
0.55,0.25
0.55,0.25
0.55,0.25
0.55,0.25
0.55,0.25
0.55,0.25
0.55,0.25
0.55,0.25
0.55,0.25
0.55,0.25
0.55,0.25
0.55,0.25
0.55,0.25
0.55,0.25
0.55,0.25
0.55,0.25
0.55,0.25
0.55,0.25
0.55,0.25
0.55,0.25
0.55,0.25
0.55,0.25
0.55,0.25
0.55,0.25
0.55,0.25
0.55,0.25
0.55,0.25
0.55,0.25
0.55,0.25
0.55,0.25
0.55,0.25
0.55,0.25
0.55,0.25
0.55,0.25
0.55,0.25
0.55,0.25
0.55,0.25
0.55,0.25
0.55,0.25
0.55,0.25
0.55,0.25
0.55,0.25
0.55,0.25
0.55,0.25
0.55,0.25
0.55,0.25
0.55,0.25
0.55,0.25
0.55,0.25
0.55,0.25
0.55,0.25
0.55,0.25
0.55,0.25
0.55,0.25
0.55,0.25
0.55,0.25
0.55,0.25
0.55,0.25
0.55,0.25
0.55,0.25
0.55,0.25
0.55,0.25
0.55,0.25
0.55,0.25
0.55,0.25
0.55,0.25
0.55,0.25
0.55,0.25
0.55,0.25
0.55,0.25
0.55,0.25
0.55,0.25
0.55,0.25
0.55,0.25
0.55,0.25
0.55,0.25
0.55,0.25
0.55,0.25
0.55,0.25
0.55,0.25
0.55,0.25
0.55,0.25
0.55,0.25
0.55,0.25
0.55,0.25
0.55,0.25
0.55,0.25
0.55,0.25
0.55,0.25
0.55,0.25
0.55,0.25
0.55,0.25
0.55,0.25
0.55,0.25
0.55,0.25
0.55,0.25
0.55,0.25
0.55,0.25
0.55,0.25
0.55,0.25
0.55,0.25
0.55,0.25
0.55,0.25
0.55,0.25
0.55,0.25
0.55,0.25
0.55,0.25
0.55,0.25
0.55,0.25
0.55,0.25
0.55,0.25
0.55,0.25
0.55,0.25
0.55,0.25
0.55,0.25
0.55,0.25
0.55,0.25
0.55,0.25
0.55,0.25
0.55,0.25
0.55,0.25
0.55,0.25
0.55,0.25
0.55,0.25
0.55,0.25
0.55,0.25
0.55,0.25
0.55,0.25
0.55,0.25
0.55,0.25
0.55,0.25
0.55,0.25
0.55,0.25
0.55,0.25
0.55,0.25
0.55,0.25
0.55,0.25
0.55,0.25
0.55,0.25
0.55,0.25
0.55,0.25
0.55,0.25
0.55,0.25
0.55,0.25
0.55,0.25
0.55,0.25
0.55,0.25
0.55,0.25
0.55,0.25
0.55,0.25
0.55,0.25
0.55,0.25
0.55,0.25
0.55,0.25
0.55,0.25
0.55,0.25
0.55,0.25
0.55,0.25
0.55,0.25
0.55,0.25
0.55,0.25
0.55,0.25
0.55,0.25
0.55,0.25
0.55,0.25
0.55,0.25
0.55,0.25
0.55,0.25
0.55,0.25
0.55,0.25
0.55,0.25
0.55,0.25
0.55,0.25
0.55,0.25
0.55,0.25
0.55,0.25
0.55,0.25
0.55,0.25
0.55,0.25
0.55,0.25
0.55,0.25
0.55,0.25
0.55,0.25
0.55,0.25
0.55,0.25
0.55,0.25
0.55,0.25
0.55,0.25
0.55,0.25
0.55,0.25
0.55,0.25
0.55,0.25
0.55,0.25
0.55,0.25
0.55,0.25
0.55,0.25
0.55,0.25
0.55,0.25
0.55,0.25
0.55,0.25
0.55,0.25
0.55,0.25
0.55,0.25
0.55,0.25
0.55,0.25
0.55,0.25
0.55,0.25
0.55,0.25
0.55,0.25
0.55,0.25
0.55,0.25
0.55,0.25
0.55,0.25
0.55,0.25
0.55,0.25
0.55,0.25
0.55,0.25
0.55,0.25
0.55,0.25
0.55,0.25
0.55,0.25
0.55,0.25
0.55,0.25
0.55,0.25
0.55,0.25
0.55,0.25
0.55,0.25
0.55,0.25
0.55,0.25
0.55,0.25
0.55,0.25
0.55,0.25
0.55,0.25
0.55,0.25
0.55,0.25
0.55,0.25
0.55,0.25
0.55,0.25
0.55,0.25
0.55,0.25
0.55,0.25
0.55,0.25
0.55,0.25
0.55,0.25
0.55,0.25
0.55,0.25
0.55,0.25
0.55,0.25
0.55,0.25
0.55,0.25
0.55,0.25
0.55,0.25
0.55,0.25
0.55,0.25
0.55,0.25
0.55,0.25
0.55,0.25
0.55,0.25
0.55,0.25
0.55,0.25
0.55,0.25
0.55,0.25
0.55,0.25
0.55,0.25
0.55,0.25
0.55,0.25
0.55,0.25
0.55,0.25
0.55,0.25
0.55,0.25
0.55,0.25
0.55,0.25
0.55,0.25
0.55,0.25
0.55,0.25
0.55,0.25
0.55,0.25
0.55,0.25
0.55,0.25
0.55,0.25
0.55,0.25
0.55,0.25
0.55,0.25
0.55,0.25
0.55,0.25
0.55,0.25
0.55,0.25
0.55,0.25
0.55,0.25
0.55,0.25
0.55,0.25
0.55,0.25
0.55,0.25
0.55,0.25
0.55,0.25
0.55,0.25
0.55,0.25
0.55,0.25
0.55,0.25
0.55,0.25
0.55,0.25
0.55,0.25
0.55,0.25
0.55,0.25
0.55,0.25
0.55,0.25
0.55,0.25
0.55,0.25
0.55,0.25
0.55,0.25
0.55,0.25
0.55,0.25
0.55,0.25
0.55,0.25
0.55,0.25
0.55,0.25
0.55,0.25
0.55,0.25
0.55,0.25
0.55,0.25
0.55,0.25
0.55,0.25
0.55,0.25
0.55,0.25
0.55,0.25
0.55,0.25
0.55,0.25
0.55,0.25
0.55,0.25
0.55,0.25
0.55,0.25
0.55,0.25
0.55,0.25
0.55,0.25
0.55,0.25
0.55,0.25
0.55,0.25
0.55,0.25
0.55,0.25
0.55,0.25
0.55,0.25
0.55,0.25
0.55,0.25
0.55,0.25
0.55,0.25
0.55,0.25
0.55,0.25
0.55,0.25
0.55,0.25
0.55,0.25
0.55,0.25
0.55,0.25
0.55,0.25
0.55,0.25
0.55,0.25
0.55,0.25
0.55,0.25
0.55,0.25
0.55,0.25
0.55,0.25
0.55,0.25
0.55,0.25
0.55,0.25
0.55,0.25
0.55,0.25
0.55,0.25
0.55,0.25
0.55,0.25
0.55,0.25
0.55,0.25
0.55,0.25
0.55,0.25
0.55,0.25
0.55,0.25
0.55,0.25
0.55,0.25
0.55,0.25
0.55,0.25
0.55,0.25
0.55,0.25
0.55,0.25
0.55,0.25
0.55,0.25
0.55,0.25
0.55,0.25
0.55,0.25
0.55,0.25
0.55,0.25
0.55,0.25
0.55,0.25
0.55,0.25
0.55,0.25
0.55,0.25
0.55,0.25
0.55,0.25
0.55,0.25
0.55,0.25
0.55,0.25
0.55,0.25
0.55,0.25
0.55,0.25
0.55,0.25
0.55,0.25
0.55,0.25
0.55,0.25
0.55,0.25
0.55,0.25
0.55,0.25
0.55,0.25
0.55,0.25
0.55,0.25
0.55,0.25
0.55,0.25
0.55,0.25
0.55,0.25
0.55,0.25
0.55,0.25
0.55,0.25
0.55,0.25
0.55,0.25
0.55,0.25
0.55,0.25
0.55,0.25
0.55,0.25
0.55,0.25
0.55,0.25
0.55,0.25
0.55,0.25
0.55,0.25
0.55,0.25
0.55,0.25
0.55,0.25
0.55,0.25
0.55,0.25
0.55,0.25
0.55,0.25
0.55,0.25
0.55,0.25
0.55,0.25
0.55,0.25
0.55,0.25
0.55,0.25
0.55,0.25
0.55,0.25
0.55,0.25
0.55,0.25
0.55,0.25
0.55,0.25
0.55,0.25
0.55,0.25
0.55,0.25
0.55,0.25
0.55,0.25
0.55,0.25
0.55,0.25
0.55,0.25
0.55,0.25
0.55,0.25
0.55,0.25
0.55,0.25
0.55,0.25
0.55,0.25
0.55,0.25
0.55,0.25
0.55,0.25
0.55,0.25
0.55,0.25
0.55,0.25
0.55,0.25
0.55,0.25
0.55,0.25
0.55,0.25
0.55,0.25
0.55,0.25
0.55,0.25
0.55,0.25
0.55,0.25
0.55,0.25
0.55,0.25
0.55,0.25
0.55,0.25
0.55,0.25
0.55,0.25
0.55,0.25
0.55,0.25
0.55,0.25
0.55,0.25
0.55,0.25
0.55,0.25
0.55,0.25
0.55,0.25
0.55,0.25
0.55,0.25
0.55,0.25
0.55,0.25
0.55,0.25
0.55,0.25
0.55,0.25
0.55,0.25
0.55,0.25
0.55,0.25
0.55,0.25
0.55,0.25
0.55,0.25
0.55,0.25
0.55,0.25
0.55,0.25
0.55,0.25
0.55,0.25
0.55,0.25
0.55,0.25
0.55,0.25
0.55,0.25
0.55,0.25
0.55,0.25
0.55,0.25
0.55,0.25
0.55,0.25
0.55,0.25
0.55,0.25
0.55,0.25
0.55,0.25
0.55,0.25
0.55,0.25
0.55,0.25
0.55,0.25
0.55,0.25
0.55,0.25
0.55,0.25
0.55,0.25
0.55,0.25
0.55,0.25
0.55,0.25
0.55,0.25
0.55,0.25
0.55,0.25
0.55,0.25
0.55,0.25
0.55,0.25
0.55,0.25
0.55,0.25
0.55,0.25
0.55,0.25
0.55,0.25
0.55,0.25
0.55,0.25
0.55,0.25
0.55,0.25
0.55,0.25
0.55,0.25
0.55,0.25
0.55,0.25
0.55,0.25
0.55,0.25
0.55,0.25
0.55,0.25
0.55,0.25
0.55,0.25
0.55,0.25
0.55,0.25
0.55,0.25
0.55,0.25
0.55,0.25
0.55,0.25
0.55,0.25
0.55,0.25
0.55,0.25
0.55,0.25
0.55,0.25
0.55,0.25
0.55,0.25
0.55,0.25
0.55,0.25
0.55,0.25
0.55,0.25
0.55,0.25
0.55,0.25
0.55,0.25
0.55,0.25
0.55,0.25
0.55,0.25
0.55,0.25
0.55,0.25
0.55,0.25
0.55,0.25
0.55,0.25
0.55,0.25
0.55,0.25
0.55,0.25
0.55,0.25
0.55,0.25
0.55,0.25
0.55,0.25
0.55,0.25
0.55,0.25
0.55,0.25
0.55,0.25
0.55,0.25
0.55,0.25
0.55,0.25
0.55,0.25
0.55,0.25
0.55,0.25
0.55,0.25
0.55,0.25
0.55,0.25
0.55,0.25
0.55,0.25
0.55,0.25
0.55,0.25
0.55,0.25
0.55,0.25
0.55,0.25
0.55,0.25
0.55,0.25
0.55,0.25
0.55,0.25
0.55,0.25
0.55,0.25
0.55,0.25
0.55,0.25
0.55,0.25
0.55,0.25
0.55,0.25
0.55,0.25
0.55,0.25
0.55,0.25
0.55,0.25
0.55,0.25
0.55,0.25
0.55,0.25
0.55,0.25
0.55,0.25
0.55,0.25
0.55,0.25
0.55,0.25
0.55,0.25
0.55,0.25
0.55,0.25
0.55,0.25
0.55,0.25
0.55,0.25
0.55,0.25
0.55,0.25
0.55,0.25
0.55,0.25
0.55,0.25
0.55,0.25
0.55,0.25
0.55,0.25
0.55,0.25
0.55,0.25
0.55,0.25
0.55,0.25
0.55,0.25
0.55,0.25
0.55,0.25
0.55,0.25
0.55,0.25
0.55,0.25
0.55,0.25
0.55,0.25
0.55,0.25
0.55,0.25
0.55,0.25
0.55,0.25
0.55,0.25
0.55,0.25
0.55,0.25
0.55,0.25
0.55,0.25
0.55,0.25
0.55,0.25
0.55,0.25
0.55,0.25
0.55,0.25
0.55,0.25
0.55,0.25
0.55,0.25
0.55,0.25
0.55,0.25
0.55,0.25
0.55,0.25
0.55,0.25
0.55,0.25
0.55,0.25
0.55,0.25
0.55,0.25
0.55,0.25
0.55,0.25
0.55,0.25
0.55,0.25
0.55,0.25
0.55,0.25
0.55,0.25
0.55,0.25
0.55,0.25
0.55,0.25
0.55,0.25
0.55,0.25
0.55,0.25
0.55,0.25
0.55,0.25
0.55,0.25
0.55,0.25
0.55,0.25
0.55,0.25
0.55,0.25
0.55,0.25
0.55,0.25
0.55,0.25
0.55,0.25
0.55,0.25
0.55,0.25
0.55,0.25
0.55,0.25
0.55,0.25
0.55,0.25
0.55,0.25
0.55,0.25
0.55,0.25
0.55,0.25
0.55,0.25
0.55,0.25
0.55,0.25
0.55,0.25
0.55,0.25
0.55,0.25
0.55,0.25
0.55,0.25
0.55,0.25
0.55,0.25
0.55,0.25
0.55,0.25
0.55,0.25
0.55,0.25
0.55,0.25
0.55,0.25
0.55,0.25
0.55,0.25
0.55,0.25
0.55,0.25
0.55,0.25
0.55,0.25
0.55,0.25
0.55,0.25
0.55,0.25
0.55,0.25
0.55,0.25
0.55,0.25
0.55,0.25
0.55,0.25
0.55,0.25
0.55,0.25
0.55,0.25
0.55,0.25
0.55,0.25
0.55,0.25
0.55,0.25
0.55,0.25
0.55,0.25
0.55,0.25
0.55,0.25
0.55,0.25
0.55,0.25
0.55,0.25
0.55,0.25
0.55,0.25
0.55,0.25
0.55,0.25
0.55,0.25
0.55,0.25
0.55,0.25
0.55,0.25
0.55,0.25
0.55,0.25
0.55,0.25
0.55,0.25
0.55,0.25
0.55,0.25
0.55,0.25
0.55,0.25
0.55,0.25
0.55,0.25
0.55,0.25
0.55,0.25
0.55,0.25
0.55,0.25
0.55,0.25
0.55,0.25
0.55,0.25
0.55,0.25
0.55,0.25
0.55,0.25
0.55,0.25
0.55,0.25
0.55,0.25
0.55,0.25
0.55,0.25
0.55,0.25
0.55,0.25
0.55,0.25
0.55,0.25
0.55,0.25
0.55,0.25
0.55,0.25
0.55,0.25
0.55,0.25
0.55,0.25
0.55,0.25
0.55,0.25
0.55,0.25
0.55,0.25
0.55,0.25
0.55,0.25
0.55,0.25
0.55,0.25
0.55,0.25
0.55,0.25
0.55,0.25
0.55,0.25
0.55,0.25
0.55,0.25
0.55,0.25
0.55,0.25
0.55,0.25
0.55,0.25
0.55,0.25
0.55,0.25
0.55,0.25
0.55,0.25
0.55,0.25
0.55,0.25
0.55,0.25
0.55,0.25
0.55,0.25
0.55,0.25
0.55,0.25
0.55,0.25
0.55,0.25
0.55,0.25
0.55,0.25
0.55,0.25
0.55,0.25
0.55,0.25
0.55,0.25
0.55,0.25
0.55,0.25
0.55,0.25
0.55,0.25
0.55,0.25
0.55,0.25
0.55,0.25
0.55,0.25
0.55,0.25
0.55,0.25
0.55,0.25
0.55,0.25
0.55,0.25
0.55,0.25
0.55,0.25
0.55,0.25
0.55,0.25
0.55,0.25
0.55,0.25
0.55,0.25
0.55,0.25
0.55,0.25
0.55,0.25
0.55,0.25
0.55,0.25
0.55,0.25
0.55,0.25
0.55,0.25
0.55,0.25
0.55,0.25
0.55,0.25
0.55,0.25
0.55,0.25
0.55,0.25
0.55,0.25
0.55,0.25
0.55,0.25
0.55,0.25
0.55,0.25
0.55,0.25
0.55,0.25
0.55,0.25
0.55,0.25
0.55,0.25
0.55,0.25
0.55,0.25
0.55,0.25
0.55,0.25
0.55,0.25
0.55,0.25
0.55,0.25
0.55,0.25
0.55,0.25
0.55,0.25
0.55,0.25
0.55,0.25
0.55,0.25
0.55,0.25
0.55,0.25
0.55,0.25
0.55,0.25
0.55,0.25
0.55,0.25
0.55,0.25
0.55,0.25
0.55,0.25
0.55,0.25
0.55,0.25
0.55,0.25
0.55,0.25
0.55,0.25
0.55,0.25
0.55,0.25
0.55,0.25
0.55,0.25
0.55,0.25
0.55,0.25
0.55,0.25
0.55,0.25
0.55,0.25
0.55,0.25
0.55,0.25
0.55,0.25
0.55,0.25
0.55,0.25
0.55,0.25
0.55,0.25
0.55,0.25
0.55,0.25
0.55,0.25
0.55,0.25
0.55,0.25
0.55,0.25
0.55,0.25
0.55,0.25
0.55,0.25
0.55,0.25
0.55,0.25
0.55,0.25
0.55,0.25
0.55,0.25
0.55,0.25
0.55,0.25
0.55,0.25
0.55,0.25
0.55,0.25
0.55,0.25
0.55,0.25
0.55,0.25
0.55,0.25
0.55,0.25
0.55,0.25
0.55,0.25
0.55,0.25
0.55,0.25
0.55,0.25
0.55,0.25
0.55,0.25
0.55,0.25
0.55,0.25
0.55,0.25
0.55,0.25
0.55,0.25
0.55,0.25
0.55,0.25
0.55,0.25
0.55,0.25
0.55,0.25
0.55,0.25
0.55,0.25
0.55,0.25
0.55,0.25
0.55,0.25
0.55,0.25
0.55,0.25
0.55,0.25
0.55,0.25
0.55,0.25
0.55,0.25
0.55,0.25
0.55,0.25
0.55,0.25
0.55,0.25
0.55,0.25
0.55,0.25
0.55,0.25
0.55,0.25
0.55,0.25
0.55,0.25
0.55,0.25
0.55,0.25
0.55,0.25
0.55,0.25
0.55,0.25
0.55,0.25
0.55,0.25
0.55,0.25
0.55,0.25
0.55,0.25
0.55,0.25
0.55,0.25
0.55,0.25
0.55,0.25
0.55,0.25
0.55,0.25
0.55,0.25
0.55,0.25
0.55,0.25
0.55,0.25
0.55,0.25
0.55,0.25
0.55,0.25
0.55,0.25
0.55,0.25
0.55,0.25
0.55,0.25
0.55,0.25
0.55,0.25
0.55,0.25
0.55,0.25
0.55,0.25
0.55,0.25
0.55,0.25
0.55,0.25
0.55,0.25
0.55,0.25
0.55,0.25
0.55,0.25
0.55,0.25
0.55,0.25
0.55,0.25
0.55,0.25
0.55,0.25
0.55,0.25
0.55,0.25
0.55,0.25
0.55,0.25
0.55,0.25
0.55,0.25
0.55,0.25
0.55,0.25
0.55,0.25
0.55,0.25
0.55,0.25
0.55,0.25
0.55,0.25
0.55,0.25
0.55,0.25
0.55,0.25
0.55,0.25
0.55,0.25
0.55,0.25
0.55,0.25
0.55,0.25
0.55,0.25
0.55,0.25
0.55,0.25
0.55,0.25
0.55,0.25
0.55,0.25
0.55,0.25
0.55,0.25
0.55,0.25
0.55,0.25
0.55,0.25
0.55,0.25
0.55,0.25
0.55,0.25
0.55,0.25
0.55,0.25
0.55,0.25
0.55,0.25
0.55,0.25
0.55,0.25
0.55,0.25
0.55,0.25
0.55,0.25
0.55,0.25
0.55,0.25
0.55,0.25
0.55,0.25
0.55,0.25
0.55,0.25
0.55,0.25
0.55,0.25
0.55,0.25
0.55,0.25
0.55,0.25
0.55,0.25
0.55,0.25
0.55,0.25
0.55,0.25
0.55,0.25
0.55,0.25
0.55,0.25
0.55,0.25
0.55,0.25
0.55,0.25
0.55,0.25
0.55,0.25
0.55,0.25
0.55,0.25
0.55,0.25
0.55,0.25
0.55,0.25
0.55,0.25
0.55,0.25
0.55,0.25
0.55,0.25
0.55,0.25
0.55,0.25
0.55,0.25
0.55,0.25
0.55,0.25
0.55,0.25
0.55,0.25
0.55,0.25
0.55,0.25
0.55,0.25
0.55,0.25
0.55,0.25
0.55,0.25
0.55,0.25
0.55,0.25
0.55,0.25
0.55,0.25
0.55,0.25
0.55,0.25
0.55,0.25
0.55,0.25
0.55,0.25
0.55,0.25
0.55,0.25
0.55,0.25
0.55,0.25
0.55,0.25
0.55,0.25
0.55,0.25
0.55,0.25
0.55,0.25
0.55,0.25
0.55,0.25
0.55,0.25
0.55,0.25
0.55,0.25
0.55,0.25
0.55,0.25
0.55,0.25
0.55,0.25
0.55,0.25
0.55,0.25
0.55,0.25
0.55,0.25
0.55,0.25
0.55,0.25
0.55,0.25
0.55,0.25
0.55,0.25
0.55,0.25
0.55,0.25
0.55,0.25
0.55,0.25
0.55,0.25
0.55,0.25
0.55,0.25
0.55,0.25
0.55,0.25
0.55,0.25
0.55,0.25
0.55,0.25
0.55,0.25
0.55,0.25
0.55,0.25
0.55,0.25
0.55,0.25
0.55,0.25
0.55,0.25
0.55,0.25
0.55,0.25
0.55,0.25
0.55,0.25
0.55,0.25
0.55,0.25
0.55,0.25
0.55,0.25
0.55,0.25
0.55,0.25
0.55,0.25
0.55,0.25
0.55,0.25
0.55,0.25
0.55,0.25
0.55,0.25
0.55,0.25
0.55,0.25
0.55,0.25
0.55,0.25
0.55,0.25
0.55,0.25
0.55,0.25
0.55,0.25
0.55,0.25
0.55,0.25
0.55,0.25
0.55,0.25
0.55,0.25
0.55,0.25
0.55,0.25
0.55,0.25
0.55,0.25
0.55,0.25
0.55,0.25
0.55,0.25
0.55,0.25
0.55,0.25
0.55,0.25
0.55,0.25
0.55,0.25
0.55,0.25
0.55,0.25
0.55,0.25
0.55,0.25
0.55,0.25
0.55,0.25
0.55,0.25
0.55,0.25
0.55,0.25
0.55,0.25
0.55,0.25
0.55,0.25
0.55,0.25
0.55,0.25
0.55,0.25
0.55,0.25
0.55,0.25
0.55,0.25
0.55,0.25
0.55,0.25
0.55,0.25
0.55,0.25
0.55,0.25
0.55,0.25
0.55,0.25
0.55,0.25
0.55,0.25
0.55,0.25
0.55,0.25
0.55,0.25
0.55,0.25
0.0,0.0
0.0,0.0
0.0,0.0
0.0,0.0
0.0,0.0
0.0,0.0
0.0,0.0
0.0,0.0
0.0,0.0
0.0,0.0
0.0,0.0
0.0,0.0
0.0,0.0
0.0,0.0
0.0,0.0
0.0,0.0
0.0,0.0
0.0,0.0
0.0,0.0
0.0,0.0
0.0,0.0
0.0,0.0
0.0,0.0
0.0,0.0
0.0,0.0
0.0,0.0
0.0,0.0
0.0,0.0
0.0,0.0
0.0,0.0
0.0,0.0
0.0,0.0
0.0,0.0
0.0,0.0
0.0,0.0
0.0,0.0
0.0,0.0
0.0,0.0
0.0,0.0
0.0,0.0
0.0,0.0
0.0,0.0
0.0,0.0
0.0,0.0
0.0,0.0
0.0,0.0
0.0,0.0
0.0,0.0
0.0,0.0
0.0,0.0
0.0,0.0
0.0,0.0
0.0,0.0
0.0,0.0
0.0,0.0
0.0,0.0
0.0,0.0
0.0,0.0
0.0,0.0
0.0,0.0
0.0,0.0
0.0,0.0
0.0,0.0
0.0,0.0
0.0,0.0
0.0,0.0
0.0,0.0
0.0,0.0
0.0,0.0
0.0,0.0
0.0,0.0
0.0,0.0
0.0,0.0
0.0,0.0
0.0,0.0
0.0,0.0
0.0,0.0
0.0,0.0
0.0,0.0
0.0,0.0
0.0,0.0
0.0,0.0
0.0,0.0
0.0,0.0
0.0,0.0
0.0,0.0
0.0,0.0
0.0,0.0
0.0,0.0
0.0,0.0
0.0,0.0
0.0,0.0
0.0,0.0
0.0,0.0
0.0,0.0
0.0,0.0
0.0,0.0
0.0,0.0
0.0,0.0
0.0,0.0
0.0,0.0
0.0,0.0
0.0,0.0
0.0,0.0
0.0,0.0
0.0,0.0
0.0,0.0
0.0,0.0
0.0,0.0
0.0,0.0
0.0,0.0
0.0,0.0
0.0,0.0
0.0,0.0
0.0,0.0
0.0,0.0
0.0,0.0
0.0,0.0
0.0,0.0
0.0,0.0
0.0,0.0
0.0,0.0
0.0,0.0
0.0,0.0
0.0,0.0
0.0,0.0
0.0,0.0
0.0,0.0
0.0,0.0
0.0,0.0
0.0,0.0
0.0,0.0
0.0,0.0
0.0,0.0
0.0,0.0
0.0,0.0
0.0,0.0
0.0,0.0
0.0,0.0
0.0,0.0
0.0,0.0
0.0,0.0
0.0,0.0
0.0,0.0
0.0,0.0
0.0,0.0
0.0,0.0
0.0,0.0
0.0,0.0
0.0,0.0
0.0,0.0
0.0,0.0
0.0,0.0
0.0,0.0
0.0,0.0
0.0,0.0
0.0,0.0
0.0,0.0
0.0,0.0
0.0,0.0
0.0,0.0
0.0,0.0
0.0,0.0
0.0,0.0
0.0,0.0
0.0,0.0
0.0,0.0
0.0,0.0
0.0,0.0
0.0,0.0
0.0,0.0
0.0,0.0
0.0,0.0
0.0,0.0
0.0,0.0
0.0,0.0
0.0,0.0
0.0,0.0
0.0,0.0
0.0,0.0
0.0,0.0
0.0,0.0389
0.0111,0.0778
0.0167,0.1167
0.0222,0.1556
0.0278,0.1944
0.0333,0.2333
0.0389,0.2722
0.0444,0.3111
0.05,0.35
0.0556,0.3889
0.0611,0.4278
0.0667,0.4667
0.0722,0.5056
0.0778,0.5444
0.0833,0.5833
0.0889,0.6222
0.0944,0.6611
0.1,0.7
0.1,0.7
0.1,0.7
0.1,0.7
0.1,0.7
0.1,0.7
0.1,0.7
0.1,0.7
0.1,0.7
0.1,0.7
0.1,0.7
0.1,0.7
0.1,0.7
0.1,0.7
0.1,0.7
0.1,0.7
0.1,0.7
0.1,0.7
0.1,0.7
0.1,0.7
0.1,0.7
0.1,0.7
0.1,0.7
0.1,0.7
0.1,0.7
0.1,0.7
0.1,0.7
0.1,0.7
0.1,0.7
0.1,0.7
0.1,0.7
0.1,0.7
0.1,0.7
0.1,0.7
0.1,0.7
0.1,0.7
0.1,0.7
0.1,0.7
0.1,0.7
0.1,0.7
0.1,0.7
0.1,0.7
0.1,0.7
0.1333,0.6667
0.1667,0.6333
0.2,0.6
0.2333,0.5667
0.2667,0.5333
0.3,0.5
0.3333,0.4667
0.3667,0.4333
0.4,0.4
0.4333,0.3667
0.4667,0.3333
0.5,0.3
0.5333,0.2667
0.5667,0.2333
0.6,0.2
0.6333,0.1667
0.6667,0.1333
0.7,0.1
0.7,0.1
0.7,0.1
0.7,0.1
0.7,0.1
0.7,0.1
0.7,0.1
0.7,0.1
0.7,0.1
0.7,0.1
0.7,0.1
0.7,0.1
0.7,0.1
0.7,0.1
0.7,0.1
0.7,0.1
0.7,0.1
0.7,0.1
0.7,0.1
0.7,0.1
0.7,0.1
0.7,0.1
0.7,0.1
0.7,0.1
0.7,0.1
0.7,0.1
0.7,0.1
0.7,0.1
0.7,0.1
0.7,0.1
0.7,0.1
0.7,0.1
0.7,0.1
0.7,0.1
0.7,0.1
0.7,0.1
0.7,0.1
0.7,0.1
0.7,0.1
0.7,0.1
0.7,0.1
0.7,0.1
0.7,0.1
0.7,0.1
0.7,0.1
0.7,0.1
0.7,0.1
0.7,0.1
0.7,0.1
0.7,0.1
0.7,0.1
0.7,0.1
0.7,0.1
0.7,0.1
0.7,0.1
0.7,0.1
0.7,0.1
0.7,0.1
0.7,0.1
0.7,0.1
0.7,0.1
0.7,0.1
0.7,0.1
0.7,0.1
0.7,0.1
0.7,0.1
0.7,0.1
0.7,0.1
0.7,0.1
0.7,0.1
0.7,0.1
0.7,0.1
0.7,0.1
0.7,0.1
0.7,0.1
0.7,0.1
0.7,0.1
0.7,0.1
0.7,0.1
0.7,0.1
0.7,0.1
0.7,0.1
0.7,0.1
0.7,0.1
0.7,0.1
0.7,0.1
0.7,0.1
0.7,0.1
0.7,0.1
0.7,0.1
0.7,0.1
0.7,0.1
0.7,0.1
0.7,0.1
0.7,0.1
0.7,0.1
0.7,0.1
0.7,0.1
0.7,0.1
0.7,0.1
0.7,0.1
0.7,0.1
0.7,0.1
0.6667,0.1333
0.6333,0.1667
0.6,0.2
0.5667,0.2333
0.5333,0.2667
0.5,0.3
0.4667,0.3333
0.4333,0.3667
0.4,0.4
0.3667,0.4333
0.3333,0.4667
0.3,0.5
0.2667,0.5333
0.2333,0.5667
0.2,0.6
0.1667,0.6333
0.1333,0.6667
0.1,0.7
0.1,0.7
0.1,0.7
0.1,0.7
0.1,0.7
0.1,0.7
0.1,0.7
0.1,0.7
0.1,0.7
0.1,0.7
0.1,0.7
0.1,0.7
0.1,0.7
0.1,0.7
0.1,0.7
0.1,0.7
0.1,0.7
0.1,0.7
0.1,0.7
0.1,0.7
0.1,0.7
0.1,0.7
0.1,0.7
0.1,0.7
0.1,0.7
0.1,0.7
0.1,0.7
0.1,0.7
0.1,0.7
0.1,0.7
0.1,0.7
0.1,0.7
0.1,0.7
0.1,0.7
0.1,0.7
0.1,0.7
0.1,0.7
0.1,0.7
0.1,0.7
0.1,0.7
0.1,0.7
0.1,0.7
0.1,0.7
0.1,0.7
0.1,0.7
0.1,0.7
0.1,0.7
0.1,0.7
0.1,0.7
0.1,0.7
0.1,0.7
0.1,0.7
0.1,0.7
0.1,0.7
0.1,0.7
0.1,0.7
0.1,0.7
0.1,0.7
0.1,0.7
0.1,0.7
0.1,0.7
0.1,0.7
0.1,0.7
0.1,0.7
0.1,0.7
0.1,0.7
0.1,0.7
0.1,0.7
0.1,0.7
0.1,0.7
0.1,0.7
0.1,0.7
0.1,0.7
0.1,0.7
0.1,0.7
0.1,0.7
0.1,0.7
0.1,0.7
0.1,0.7
0.1,0.7
0.1,0.7
0.1,0.7
0.1,0.7
0.1,0.7
0.1,0.7
0.1,0.7
0.1,0.7
0.1,0.7
0.1,0.7
0.1,0.7
0.1,0.7
0.1,0.7
0.1,0.7
0.1,0.7
0.1,0.7
0.1,0.7
0.1,0.7
0.1,0.7
0.1,0.7
0.1,0.7
0.1,0.7
0.1,0.7
0.1,0.7
0.1333,0.6667
0.1667,0.6333
0.2,0.6
0.2333,0.5667
0.2667,0.5333
0.3,0.5
0.3333,0.4667
0.3667,0.4333
0.4,0.4
0.4333,0.3667
0.4667,0.3333
0.5,0.3
0.5333,0.2667
0.5667,0.2333
0.6,0.2
0.6333,0.1667
0.6667,0.1333
0.7,0.1
0.7,0.1
0.7,0.1
0.7,0.1
0.7,0.1
0.7,0.1
0.7,0.1
0.7,0.1
0.7,0.1
0.7,0.1
0.7,0.1
0.7,0.1
0.7,0.1
0.7,0.1
0.7,0.1
0.7,0.1
0.7,0.1
0.7,0.1
0.7,0.1
0.7,0.1
0.7,0.1
0.7,0.1
0.7,0.1
0.7,0.1
0.7,0.1
0.7,0.1
0.7,0.1
0.7,0.1
0.7,0.1
0.7,0.1
0.7,0.1
0.7,0.1
0.7,0.1
0.7,0.1
0.7,0.1
0.7,0.1
0.7,0.1
0.7,0.1
0.7,0.1
0.7,0.1
0.7,0.1
0.7,0.1
0.7,0.1
0.6667,0.1333
0.6333,0.1667
0.6,0.2
0.5667,0.2333
0.5333,0.2667
0.5,0.3
0.4667,0.3333
0.4333,0.3667
0.4,0.4
0.3667,0.4333
0.3333,0.4667
0.3,0.5
0.2667,0.5333
0.2333,0.5667
0.2,0.6
0.1667,0.6333
0.1333,0.6667
0.1,0.7
0.1,0.7
0.1,0.7
0.1,0.7
0.1,0.7
0.1,0.7
0.1,0.7
0.1,0.7
0.1,0.7
0.1,0.7
0.1,0.7
0.1,0.7
0.1,0.7
0.1,0.7
0.1,0.7
0.1,0.7
0.1,0.7
0.1,0.7
0.1,0.7
0.1,0.7
0.1,0.7
0.1,0.7
0.1,0.7
0.1,0.7
0.1,0.7
0.1,0.7
0.1,0.7
0.1,0.7
0.1,0.7
0.1,0.7
0.1,0.7
0.1,0.7
0.1,0.7
0.1,0.7
0.1,0.7
0.1,0.7
0.1,0.7
0.1,0.7
0.1,0.7
0.1,0.7
0.1,0.7
0.1,0.7
0.1,0.7
0.1333,0.6667
0.1667,0.6333
0.2,0.6
0.2333,0.5667
0.2667,0.5333
0.3,0.5
0.3333,0.4667
0.3667,0.4333
0.4,0.4
0.4333,0.3667
0.4667,0.3333
0.5,0.3
0.5333,0.2667
0.5667,0.2333
0.6,0.2
0.6333,0.1667
0.6667,0.1333
0.7,0.1
0.7,0.1
0.7,0.1
0.7,0.1
0.7,0.1
0.7,0.1
0.7,0.1
0.7,0.1
0.7,0.1
0.7,0.1
0.7,0.1
0.7,0.1
0.7,0.1
0.7,0.1
0.7,0.1
0.7,0.1
0.7,0.1
0.7,0.1
0.7,0.1
0.7,0.1
0.7,0.1
0.7,0.1
0.7,0.1
0.7,0.1
0.7,0.1
0.7,0.1
0.7,0.1
0.7,0.1
0.7,0.1
0.7,0.1
0.7,0.1
0.7,0.1
0.7,0.1
0.7,0.1
0.7,0.1
0.7,0.1
0.7,0.1
0.7,0.1
0.7,0.1
0.7,0.1
0.7,0.1
0.7,0.1
0.7,0.1
0.6667,0.1333
0.6333,0.1667
0.6,0.2
0.5667,0.2333
0.5333,0.2667
0.5,0.3
0.4667,0.3333
0.4333,0.3667
0.4,0.4
0.3667,0.4333
0.3333,0.4667
0.3,0.5
0.2667,0.5333
0.2333,0.5667
0.2,0.6
0.1667,0.6333
0.1333,0.6667
0.1,0.7
0.1,0.7
0.1,0.7
0.1,0.7
0.1,0.7
0.1,0.7
0.1,0.7
0.1,0.7
0.1,0.7
0.1,0.7
0.1,0.7
0.1,0.7
0.1,0.7
0.1,0.7
0.1,0.7
0.1,0.7
0.1,0.7
0.1,0.7
0.1,0.7
0.1,0.7
0.1,0.7
0.1,0.7
0.1,0.7
0.1,0.7
0.1,0.7
0.1,0.7
0.1,0.7
0.1,0.7
0.1,0.7
0.1,0.7
0.1,0.7
0.1,0.7
0.1,0.7
0.1,0.7
0.1,0.7
0.1,0.7
0.1,0.7
0.1,0.7
0.1,0.7
0.1,0.7
0.1,0.7
0.1,0.7
0.1,0.7
0.1,0.7
0.1,0.7
0.1,0.7
0.1,0.7
0.1,0.7
0.1,0.7
0.1,0.7
0.1,0.7
0.1,0.7
0.1,0.7
0.1,0.7
0.1,0.7
0.1,0.7
0.1,0.7
0.1,0.7
0.1,0.7
0.1,0.7
0.1,0.7
0.1,0.7
0.1,0.7
0.1,0.7
0.1,0.7
0.1,0.7
0.1,0.7
0.1,0.7
0.1,0.7
0.1,0.7
0.1,0.7
0.1,0.7
0.1,0.7
0.1,0.7
0.1,0.7
0.1,0.7
0.1,0.7
0.1,0.7
0.1,0.7
0.1,0.7
0.1,0.7
0.1,0.7
0.1,0.7
0.1,0.7
0.1,0.7
0.1,0.7
0.1,0.7
0.1,0.7
0.1,0.7
0.1,0.7
0.1,0.7
0.1,0.7
0.1,0.7
0.1,0.7
0.1,0.7
0.1,0.7
0.1,0.7
0.1,0.7
0.1,0.7
0.1,0.7
0.1,0.7
0.1,0.7
0.1,0.7
0.1333,0.6667
0.1667,0.6333
0.2,0.6
0.2333,0.5667
0.2667,0.5333
0.3,0.5
0.3333,0.4667
0.3667,0.4333
0.4,0.4
0.4333,0.3667
0.4667,0.3333
0.5,0.3
0.5333,0.2667
0.5667,0.2333
0.6,0.2
0.6333,0.1667
0.6667,0.1333
0.7,0.1
0.7,0.1
0.7,0.1
0.7,0.1
0.7,0.1
0.7,0.1
0.7,0.1
0.7,0.1
0.7,0.1
0.7,0.1
0.7,0.1
0.7,0.1
0.7,0.1
0.7,0.1
0.7,0.1
0.7,0.1
0.7,0.1
0.7,0.1
0.7,0.1
0.7,0.1
0.7,0.1
0.7,0.1
0.7,0.1
0.7,0.1
0.7,0.1
0.7,0.1
0.7,0.1
0.7,0.1
0.7,0.1
0.7,0.1
0.7,0.1
0.7,0.1
0.7,0.1
0.7,0.1
0.7,0.1
0.7,0.1
0.7,0.1
0.7,0.1
0.7,0.1
0.7,0.1
0.7,0.1
0.7,0.1
0.7,0.1
0.7,0.1
0.7,0.1
0.7,0.1
0.7,0.1
0.7,0.1
0.7,0.1
0.7,0.1
0.7,0.1
0.7,0.1
0.7,0.1
0.7,0.1
0.7,0.1
0.7,0.1
0.7,0.1
0.7,0.1
0.7,0.1
0.7,0.1
0.7,0.1
0.7,0.1
0.7,0.1
0.7,0.1
0.7,0.1
0.7,0.1
0.7,0.1
0.7,0.1
0.7,0.1
0.7,0.1
0.7,0.1
0.7,0.1
0.7,0.1
0.7,0.1
0.7,0.1
0.7,0.1
0.7,0.1
0.7,0.1
0.7,0.1
0.7,0.1
0.7,0.1
0.7,0.1
0.7,0.1
0.7,0.1
0.7,0.1
0.7,0.1
0.7,0.1
0.7,0.1
0.7,0.1
0.7,0.1
0.7,0.1
0.7,0.1
0.7,0.1
0.7,0.1
0.7,0.1
0.7,0.1
0.7,0.1
0.7,0.1
0.7,0.1
0.7,0.1
0.7,0.1
0.7,0.1
0.0,0.0
0.0,0.0
0.0,0.0
0.0,0.0
0.0,0.0
0.0,0.0
0.0,0.0
0.0,0.0
0.0,0.0
0.0,0.0
0.0,0.0
0.0,0.0
0.0,0.0
0.0,0.0
0.0,0.0
0.0,0.0
0.0,0.0
0.0,0.0
0.0,0.0
0.0,0.0
0.0,0.0
0.0,0.0
0.0,0.0
0.0,0.0
0.0,0.0
0.0,0.0
0.0,0.0
0.0,0.0
0.0,0.0
0.0,0.0
0.0,0.0
0.0,0.0
0.0,0.0
0.0,0.0
0.0,0.0
0.0,0.0
0.0,0.0
0.0,0.0
0.0,0.0
0.0,0.0
0.0,0.0
0.0,0.0
0.0,0.0
0.0,0.0
0.0,0.0
0.0,0.0
0.0,0.0
0.0,0.0
0.0,0.0
0.0,0.0
0.0,0.0
0.0,0.0
0.0,0.0
0.0,0.0
0.0,0.0
0.0,0.0
0.0,0.0
0.0,0.0
0.0,0.0
0.0,0.0
0.0,0.0
0.0,0.0
0.0,0.0
0.0,0.0
0.0,0.0
0.0,0.0
0.0,0.0
0.0,0.0
0.0,0.0
0.0,0.0
0.0,0.0
0.0,0.0
0.0,0.0
0.0,0.0
0.0,0.0
0.0,0.0
0.0,0.0
0.0,0.0
0.0,0.0
0.0,0.0
0.0,0.0
0.0,0.0
0.0,0.0
0.0,0.0
0.0,0.0
0.0,0.0
0.0,0.0
0.0,0.0
0.0,0.0
0.0,0.0
0.0,0.0
0.0,0.0
0.0,0.0
0.0,0.0
0.0,0.0
0.0,0.0
0.0,0.0
0.0,0.0
0.0,0.0
0.0,0.0
0.0,0.0
0.0,0.0
0.0,0.0
0.0,0.0
0.0,0.0
0.0,0.0
0.0,0.0
0.0,0.0
0.0,0.0
0.0,0.0
0.0,0.0
0.0,0.0
0.0,0.0
0.0,0.0
0.0,0.0
0.0,0.0
0.0,0.0
0.0,0.0
0.0,0.0
0.0,0.0
